label,age,gender,file
0,8,0,8_0_3_20170110215701316.jpg.chip.jpg
0,10,0,10_0_0_20170110224255796.jpg.chip.jpg
0,10,0,10_0_0_20170110224253445.jpg.chip.jpg
0,16,0,16_0_0_20170110231700274.jpg.chip.jpg
0,14,0,14_0_1_20170110232707718.jpg.chip.jpg
0,16,0,16_0_0_20170110232818695.jpg.chip.jpg
0,14,0,14_0_4_20170103201105568.jpg.chip.jpg
0,15,0,15_0_0_20170110232717464.jpg.chip.jpg
0,16,0,16_0_0_20170110232301837.jpg.chip.jpg
0,14,0,14_0_0_20170110232523770.jpg.chip.jpg
0,15,0,15_0_0_20170116201252122.jpg.chip.jpg
0,16,0,16_0_3_20170110231223673.jpg.chip.jpg
0,11,0,11_0_0_20170110225459361.jpg.chip.jpg
0,14,0,14_0_3_20170109131758363.jpg.chip.jpg
0,15,0,15_0_0_20170104011728017.jpg.chip.jpg
0,8,0,8_0_0_20170110215511548.jpg.chip.jpg
0,16,0,16_0_0_20170110232315216.jpg.chip.jpg
0,9,0,9_0_0_20170110220700428.jpg.chip.jpg
0,9,0,9_0_0_20170110220559873.jpg.chip.jpg
0,15,0,15_0_0_20170110232515682.jpg.chip.jpg
0,13,0,13_0_0_20170104011725761.jpg.chip.jpg
0,15,0,15_0_0_20170110223430616.jpg.chip.jpg
0,15,0,15_0_0_20170116201246071.jpg.chip.jpg
0,15,0,15_0_0_20170110225622776.jpg.chip.jpg
0,7,0,7_0_0_20170110215437740.jpg.chip.jpg
0,12,0,12_0_0_20170117141849040.jpg.chip.jpg
0,12,0,12_0_2_20161219212833549.jpg.chip.jpg
0,14,0,14_0_0_2017011022340900.jpg.chip.jpg
0,11,0,11_0_4_20170103200621488.jpg.chip.jpg
0,16,0,16_0_0_20170110232208589.jpg.chip.jpg
0,7,0,7_0_0_20170110215620675.jpg.chip.jpg
0,17,0,17_0_0_20170103201534007.jpg.chip.jpg
0,10,0,10_0_0_20170110225546130.jpg.chip.jpg
0,12,0,12_0_0_20170104013257914.jpg.chip.jpg
0,17,0,17_0_0_20170110232257182.jpg.chip.jpg
0,16,0,16_0_0_20170110231647118.jpg.chip.jpg
0,16,0,16_0_0_20170110231221050.jpg.chip.jpg
0,7,0,7_0_0_20170110225222391.jpg.chip.jpg
0,13,0,13_0_2_20170103201417686.jpg.chip.jpg
0,9,0,9_0_2_20161219192439379.jpg.chip.jpg
0,17,0,17_0_1_20170116205618568.jpg.chip.jpg
0,17,0,17_0_0_20170110232022621.jpg.chip.jpg
0,16,0,16_0_0_20170110231759619.jpg.chip.jpg
0,14,0,14_0_4_20170103205138666.jpg.chip.jpg
0,15,0,15_0_1_20170113151409719.jpg.chip.jpg
0,17,0,17_0_0_20170110232044494.jpg.chip.jpg
0,9,0,9_0_1_20170110215500987.jpg.chip.jpg
0,9,0,9_0_0_20170110224747751.jpg.chip.jpg
0,16,0,16_0_0_20170110231801615.jpg.chip.jpg
0,10,0,10_0_0_20170110220644705.jpg.chip.jpg
0,17,0,17_0_3_20170117152534037.jpg.chip.jpg
0,9,0,9_0_0_20170110220311291.jpg.chip.jpg
0,14,0,14_0_0_20170103200615511.jpg.chip.jpg
0,17,0,17_0_0_20170110231535087.jpg.chip.jpg
0,14,0,14_0_0_20170110225405549.jpg.chip.jpg
0,14,0,14_0_0_20170110224516539.jpg.chip.jpg
0,15,0,15_0_0_20170110232721987.jpg.chip.jpg
0,9,0,9_0_0_20170110224351698.jpg.chip.jpg
0,17,0,17_0_1_20170113132545264.jpg.chip.jpg
0,15,0,15_0_0_20170105183251055.jpg.chip.jpg
0,14,0,14_0_3_20170104013434256.jpg.chip.jpg
0,12,0,12_0_2_20170104012525810.jpg.chip.jpg
0,8,0,8_0_0_20170110220118138.jpg.chip.jpg
0,10,0,10_0_4_20170103200335831.jpg.chip.jpg
0,16,0,16_0_1_20170116214124311.jpg.chip.jpg
0,11,0,11_0_0_20170110225435539.jpg.chip.jpg
0,7,0,7_0_0_20170110225010277.jpg.chip.jpg
0,14,0,14_0_0_20170110232319481.jpg.chip.jpg
0,17,0,17_0_3_20170117134709342.jpg.chip.jpg
0,7,0,7_0_0_20170110225139511.jpg.chip.jpg
0,15,0,15_0_0_20170103201316167.jpg.chip.jpg
0,8,0,8_0_0_20170117175629731.jpg.chip.jpg
0,16,0,16_0_0_20170110232724382.jpg.chip.jpg
0,14,0,14_0_1_20170117133924867.jpg.chip.jpg
0,14,0,14_0_0_20170110232651186.jpg.chip.jpg
0,7,0,7_0_1_20170113145233558.jpg.chip.jpg
0,12,0,12_0_0_20170110232735095.jpg.chip.jpg
0,16,0,16_0_1_20170116200802213.jpg.chip.jpg
0,8,0,8_0_0_20170110220157082.jpg.chip.jpg
0,14,0,14_0_0_20170120133332421.jpg.chip.jpg
0,17,0,17_0_1_20170113132534529.jpg.chip.jpg
0,7,0,7_0_2_20161219193457075.jpg.chip.jpg
0,14,0,14_0_4_20170117204503401.jpg.chip.jpg
0,17,0,17_0_1_20170110224421697.jpg.chip.jpg
0,10,0,10_0_4_20170103212521420.jpg.chip.jpg
0,10,0,10_0_0_20170110224500062.jpg.chip.jpg
0,9,0,9_0_0_20170110224542473.jpg.chip.jpg
0,9,0,9_0_0_20170110220351738.jpg.chip.jpg
0,17,0,17_0_1_20170110232231513.jpg.chip.jpg
0,15,0,15_0_0_20170120133307597.jpg.chip.jpg
0,15,0,15_0_0_20170116211720424.jpg.chip.jpg
0,15,0,15_0_0_20170110225440579.jpg.chip.jpg
0,16,0,16_0_1_20170113152759697.jpg.chip.jpg
0,17,0,17_0_0_20170110231711354.jpg.chip.jpg
0,8,0,8_0_2_20170103175549207.jpg.chip.jpg
0,7,0,7_0_2_20161219204335837.jpg.chip.jpg
0,14,0,14_0_1_20170116205529704.jpg.chip.jpg
0,16,0,16_0_0_20170110231944071.jpg.chip.jpg
0,13,0,13_0_0_20170110225307195.jpg.chip.jpg
0,8,0,8_0_1_20170110220106378.jpg.chip.jpg
0,12,0,12_0_4_20170103200555927.jpg.chip.jpg
0,10,0,10_0_0_20170110224223937.jpg.chip.jpg
0,15,0,15_0_3_20170104225537649.jpg.chip.jpg
0,16,0,16_0_1_20170110231713914.jpg.chip.jpg
0,15,0,15_0_0_20170110232636744.jpg.chip.jpg
0,7,0,7_0_0_20170110215944035.jpg.chip.jpg
0,9,0,9_0_0_20170110220130810.jpg.chip.jpg
0,8,0,8_0_4_20170117133054476.jpg.chip.jpg
0,17,0,17_0_0_20170110231830374.jpg.chip.jpg
0,10,0,10_0_0_20170110220541850.jpg.chip.jpg
0,14,0,14_0_0_20170110225725643.jpg.chip.jpg
0,8,0,8_0_0_20170110220345778.jpg.chip.jpg
0,16,0,16_0_0_20170110232302818.jpg.chip.jpg
0,7,0,7_0_0_20170110215534588.jpg.chip.jpg
0,9,0,9_0_0_20170110220148443.jpg.chip.jpg
0,7,0,7_0_0_20170110215615139.jpg.chip.jpg
0,9,0,9_0_2_20170110215503716.jpg.chip.jpg
0,14,0,14_0_3_20170104225858160.jpg.chip.jpg
0,17,0,17_0_1_20170116182122450.jpg.chip.jpg
0,10,0,10_0_0_20170110225013755.jpg.chip.jpg
0,7,0,7_0_3_20170119144311624.jpg.chip.jpg
0,10,0,10_0_0_20170110215927291.jpg.chip.jpg
0,16,0,16_0_3_20170110232150874.jpg.chip.jpg
0,14,0,14_0_3_20170104225721488.jpg.chip.jpg
0,9,0,9_0_0_20170110224835799.jpg.chip.jpg
0,8,0,8_0_1_20170113132601079.jpg.chip.jpg
0,12,0,12_0_4_20170103201607807.jpg.chip.jpg
0,16,0,16_0_0_20170110232611516.jpg.chip.jpg
0,10,0,10_0_0_20170110225402690.jpg.chip.jpg
0,17,0,17_0_1_20170117183520064.jpg.chip.jpg
0,11,0,11_0_0_20170110224742037.jpg.chip.jpg
0,16,0,16_0_0_20170110231810810.jpg.chip.jpg
0,13,0,13_0_3_20170110232628896.jpg.chip.jpg
0,8,0,8_0_0_20170110215342047.jpg.chip.jpg
0,9,0,9_0_0_20170110224411209.jpg.chip.jpg
0,9,0,9_0_1_20170110215449668.jpg.chip.jpg
0,14,0,14_0_1_20170104012054585.jpg.chip.jpg
0,10,0,10_0_0_20170117135444407.jpg.chip.jpg
0,10,0,10_0_0_20170110221714752.jpg.chip.jpg
0,15,0,15_0_0_20170110232443234.jpg.chip.jpg
0,17,0,17_0_0_20170104011953696.jpg.chip.jpg
0,7,0,7_0_0_20170110215327391.jpg.chip.jpg
0,14,0,14_0_0_20170104011738192.jpg.chip.jpg
0,10,0,10_0_1_20170110225339066.jpg.chip.jpg
0,11,0,11_0_0_20170110220518578.jpg.chip.jpg
0,12,0,12_0_0_20170110225553717.jpg.chip.jpg
0,12,0,12_0_0_20170117133903517.jpg.chip.jpg
0,12,0,12_0_3_20170104225715968.jpg.chip.jpg
0,16,0,16_0_0_20170110231633585.jpg.chip.jpg
0,17,0,17_0_1_20170113151030175.jpg.chip.jpg
0,9,0,9_0_0_20170110220510618.jpg.chip.jpg
0,15,0,15_0_0_20170110232532949.jpg.chip.jpg
0,15,0,15_0_0_20170110224324459.jpg.chip.jpg
0,13,0,13_0_0_20170110232519225.jpg.chip.jpg
0,14,0,14_0_0_20170104012341136.jpg.chip.jpg
0,15,0,15_0_0_20170104225947233.jpg.chip.jpg
0,15,0,15_0_0_20170110232807958.jpg.chip.jpg
0,10,0,10_0_0_20170110220251986.jpg.chip.jpg
0,10,0,10_0_0_20170110224238891.jpg.chip.jpg
0,15,0,15_0_0_20170110232306381.jpg.chip.jpg
0,16,0,16_0_0_20170110231526097.jpg.chip.jpg
0,17,0,17_0_0_20170110232017297.jpg.chip.jpg
0,14,0,14_0_2_20170104012412945.jpg.chip.jpg
0,14,0,14_0_2_20170103201051263.jpg.chip.jpg
0,14,0,14_0_3_20170117181642515.jpg.chip.jpg
0,14,0,14_0_0_20170110232541244.jpg.chip.jpg
0,9,0,9_0_0_20170110220236260.jpg.chip.jpg
0,10,0,10_0_2_20170116162109013.jpg.chip.jpg
0,16,0,16_0_0_20170116201208865.jpg.chip.jpg
0,15,0,15_0_0_20170104013333801.jpg.chip.jpg
0,15,0,15_0_0_20170110232338801.jpg.chip.jpg
0,15,0,15_0_4_20170110232416743.jpg.chip.jpg
0,9,0,9_0_0_20170110220601810.jpg.chip.jpg
0,10,0,10_0_1_20170104010841239.jpg.chip.jpg
0,9,0,9_0_0_20170110224837718.jpg.chip.jpg
0,8,0,8_0_2_20170103201916943.jpg.chip.jpg
0,12,0,12_0_4_20170103201824880.jpg.chip.jpg
0,9,0,9_0_0_20170110223500322.jpg.chip.jpg
0,15,0,15_0_0_20170110232646170.jpg.chip.jpg
0,8,0,8_0_3_20170104225706490.jpg.chip.jpg
0,10,0,10_0_1_20170110220523360.jpg.chip.jpg
0,7,0,7_0_1_20170110220056218.jpg.chip.jpg
0,17,0,17_0_1_20170117170512970.jpg.chip.jpg
0,10,0,10_0_0_20170110225601897.jpg.chip.jpg
0,8,0,8_0_0_20170110215400015.jpg.chip.jpg
0,17,0,17_0_4_20170102234904707.jpg.chip.jpg
0,12,0,12_0_3_20170104225802393.jpg.chip.jpg
0,8,0,8_0_0_20170117175635580.jpg.chip.jpg
0,10,0,10_0_0_20170110220557169.jpg.chip.jpg
0,10,0,10_0_4_20170103200443015.jpg.chip.jpg
0,16,0,16_0_1_20170113155247627.jpg.chip.jpg
0,16,0,16_0_0_20170110231910518.jpg.chip.jpg
0,9,0,9_0_2_20161219193430531.jpg.chip.jpg
0,11,0,11_0_0_20170110225327724.jpg.chip.jpg
0,13,0,13_0_0_20170110225447389.jpg.chip.jpg
0,9,0,9_0_0_20170110220240322.jpg.chip.jpg
0,15,0,15_0_0_20170110232117349.jpg.chip.jpg
0,8,0,8_0_3_20170104230744745.jpg.chip.jpg
0,9,0,9_0_0_20170110220153114.jpg.chip.jpg
0,8,0,8_0_0_20170104011915424.jpg.chip.jpg
0,15,0,15_0_1_20170120134502877.jpg.chip.jpg
0,16,0,16_0_0_20170104003740977.jpg.chip.jpg
0,12,0,12_0_3_20170104013451506.jpg.chip.jpg
0,9,0,9_0_1_20170113175830459.jpg.chip.jpg
0,11,0,11_0_3_20170104230222352.jpg.chip.jpg
0,15,0,15_0_0_20170104012346994.jpg.chip.jpg
0,8,0,8_0_3_20170104225230063.jpg.chip.jpg
0,15,0,15_0_3_20170104225254497.jpg.chip.jpg
0,8,0,8_0_0_20170103201932624.jpg.chip.jpg
0,11,0,11_0_0_20170110224755272.jpg.chip.jpg
0,16,0,16_0_0_20170110232528586.jpg.chip.jpg
0,16,0,16_0_0_20170110232038257.jpg.chip.jpg
0,16,0,16_0_0_20170110231815815.jpg.chip.jpg
0,10,0,10_0_0_20170117175625724.jpg.chip.jpg
0,12,0,12_0_0_20170110224843637.jpg.chip.jpg
0,17,0,17_0_1_20170114025858837.jpg.chip.jpg
0,16,0,16_0_0_20170110231756634.jpg.chip.jpg
0,17,0,17_0_0_20170103201439825.jpg.chip.jpg
0,10,0,10_0_0_20170110225442428.jpg.chip.jpg
0,8,0,8_0_0_20170110220246250.jpg.chip.jpg
0,16,0,16_0_0_20170104012457770.jpg.chip.jpg
0,9,0,9_0_1_20170110225612237.jpg.chip.jpg
0,9,0,9_0_0_20170110225318820.jpg.chip.jpg
0,16,0,16_0_0_20170110232451479.jpg.chip.jpg
0,16,0,16_0_4_20170103205822811.jpg.chip.jpg
0,17,0,17_0_0_20170105183607439.jpg.chip.jpg
0,8,0,8_0_0_20170110220350538.jpg.chip.jpg
0,9,0,9_0_0_20170110215516060.jpg.chip.jpg
0,7,0,7_0_1_20170113145509278.jpg.chip.jpg
0,10,0,10_0_0_20170110225246490.jpg.chip.jpg
0,16,0,16_0_0_20170110225310813.jpg.chip.jpg
0,10,0,10_0_0_20170110220111082.jpg.chip.jpg
0,9,0,9_0_0_20170110221724498.jpg.chip.jpg
0,12,0,12_0_3_20170104230255729.jpg.chip.jpg
0,16,0,16_0_0_20170104012325066.jpg.chip.jpg
0,8,0,8_0_0_20170110220159954.jpg.chip.jpg
0,7,0,7_0_0_20170110215708491.jpg.chip.jpg
0,15,0,15_0_4_20170103201013615.jpg.chip.jpg
0,10,0,10_0_0_20170103200329407.jpg.chip.jpg
0,9,0,9_0_0_20170110225229812.jpg.chip.jpg
0,16,0,16_0_0_20170110231811882.jpg.chip.jpg
0,13,0,13_0_0_20170103200550455.jpg.chip.jpg
0,16,0,16_0_0_20170117134538670.jpg.chip.jpg
0,9,0,9_0_0_20170110220623658.jpg.chip.jpg
0,14,0,14_0_0_20170102234854353.jpg.chip.jpg
0,10,0,10_0_0_20170110220403810.jpg.chip.jpg
0,15,0,15_0_1_20170117135556256.jpg.chip.jpg
0,7,0,7_0_0_20170110215711115.jpg.chip.jpg
0,10,0,10_0_3_20170104225238736.jpg.chip.jpg
0,16,0,16_0_0_20170110231533988.jpg.chip.jpg
0,16,0,16_0_0_20170110231648820.jpg.chip.jpg
0,7,0,7_0_0_20170110224846415.jpg.chip.jpg
0,16,0,16_0_0_20170110231726179.jpg.chip.jpg
0,10,0,10_0_3_20170105175322885.jpg.chip.jpg
0,7,0,7_0_1_20170114031543966.jpg.chip.jpg
0,10,0,10_0_0_20170110224757882.jpg.chip.jpg
0,16,0,16_0_0_20170110232218902.jpg.chip.jpg
0,8,0,8_0_0_20170103201927968.jpg.chip.jpg
0,7,0,7_0_0_20170110215321996.jpg.chip.jpg
0,10,0,10_0_4_20161221192738446.jpg.chip.jpg
0,14,0,14_0_3_20170104230143521.jpg.chip.jpg
0,11,0,11_0_0_20170110220657089.jpg.chip.jpg
0,10,0,10_0_0_20161220222308131.jpg.chip.jpg
0,7,0,7_0_1_20170110220029050.jpg.chip.jpg
0,14,0,14_0_0_20170110232633429.jpg.chip.jpg
0,15,0,15_0_3_20170104230418059.jpg.chip.jpg
0,15,0,15_0_0_20170110232655904.jpg.chip.jpg
0,8,0,8_0_0_20170110220416458.jpg.chip.jpg
0,15,0,15_0_0_20170103201301966.jpg.chip.jpg
0,10,0,10_0_0_20170103200522151.jpg.chip.jpg
0,14,0,14_0_0_20170110224519294.jpg.chip.jpg
0,16,0,16_0_0_20170110232742700.jpg.chip.jpg
0,9,0,9_0_0_20170110220159083.jpg.chip.jpg
0,9,0,9_0_0_20170110220413289.jpg.chip.jpg
0,14,0,14_0_0_20170110232127519.jpg.chip.jpg
0,13,0,13_0_0_20170110220458081.jpg.chip.jpg
0,15,0,15_0_0_20170103200828591.jpg.chip.jpg
0,8,0,8_0_1_20170114025855492.jpg.chip.jpg
0,9,0,9_0_0_20170110225508509.jpg.chip.jpg
0,10,0,10_0_0_20170110224406532.jpg.chip.jpg
0,10,0,10_0_0_20170110220530650.jpg.chip.jpg
0,16,0,16_0_0_20170120133327900.jpg.chip.jpg
0,15,0,15_0_0_20170110232730918.jpg.chip.jpg
0,16,0,16_0_0_20170110224435349.jpg.chip.jpg
0,8,0,8_0_2_20161219162204262.jpg.chip.jpg
0,9,0,9_0_0_20170110215848132.jpg.chip.jpg
0,16,0,16_0_0_20170110232245640.jpg.chip.jpg
0,14,0,14_0_1_20170117141604244.jpg.chip.jpg
0,14,0,14_0_0_20170103200600206.jpg.chip.jpg
0,17,0,17_0_0_20170105183615673.jpg.chip.jpg
0,15,0,15_0_0_20170103200850696.jpg.chip.jpg
0,15,0,15_0_0_20170110225705232.jpg.chip.jpg
0,10,0,10_0_0_20170110225243501.jpg.chip.jpg
0,12,0,12_0_0_20170110224804208.jpg.chip.jpg
0,17,0,17_0_0_20170110231640217.jpg.chip.jpg
0,17,0,17_0_0_20170114025941650.jpg.chip.jpg
0,10,0,10_0_0_20170110220654150.jpg.chip.jpg
0,15,0,15_0_2_20170104013327250.jpg.chip.jpg
0,16,0,16_0_0_20170110232450588.jpg.chip.jpg
0,8,0,8_0_0_20170110215642859.jpg.chip.jpg
0,14,0,14_0_2_20170104013318514.jpg.chip.jpg
0,16,0,16_0_0_20170110231736665.jpg.chip.jpg
0,7,0,7_0_0_20170110215959875.jpg.chip.jpg
0,12,0,12_0_0_20170109213205384.jpg.chip.jpg
0,14,0,14_0_1_20170113145153262.jpg.chip.jpg
0,9,0,9_0_2_20170110224822473.jpg.chip.jpg
0,7,0,7_0_0_20170110215633251.jpg.chip.jpg
0,15,0,15_0_0_20170104012550546.jpg.chip.jpg
0,11,0,11_0_2_20170103200847287.jpg.chip.jpg
0,11,0,11_0_0_20170110220500946.jpg.chip.jpg
0,9,0,9_0_0_20170110223916896.jpg.chip.jpg
0,10,0,10_0_0_20170110220255346.jpg.chip.jpg
0,12,0,12_0_0_20170110225028524.jpg.chip.jpg
0,8,0,8_0_0_20170110215609467.jpg.chip.jpg
0,9,0,9_0_0_20170110220232058.jpg.chip.jpg
0,17,0,17_0_1_20170113175010309.jpg.chip.jpg
0,9,0,9_0_0_20170110221659430.jpg.chip.jpg
0,10,0,10_0_0_20170110224416035.jpg.chip.jpg
0,17,0,17_0_0_20170117091447979.jpg.chip.jpg
0,15,0,15_0_0_20170110232610061.jpg.chip.jpg
0,15,0,15_0_2_20170102235056163.jpg.chip.jpg
0,15,0,15_0_0_20170110232322390.jpg.chip.jpg
0,15,0,15_0_0_20170116201253769.jpg.chip.jpg
0,8,0,8_0_0_20170110220121162.jpg.chip.jpg
0,13,0,13_0_0_20170110224337867.jpg.chip.jpg
0,7,0,7_0_0_20170110220114746.jpg.chip.jpg
0,16,0,16_0_0_20170110231520320.jpg.chip.jpg
0,10,0,10_0_0_20170110220514186.jpg.chip.jpg
0,16,0,16_0_1_20170105183511375.jpg.chip.jpg
0,14,0,14_0_2_20170103200642238.jpg.chip.jpg
0,10,0,10_0_0_20170110225035898.jpg.chip.jpg
0,14,0,14_0_0_20170117150204180.jpg.chip.jpg
0,7,0,7_0_0_20170110225211960.jpg.chip.jpg
0,8,0,8_0_0_20170104230750674.jpg.chip.jpg
0,16,0,16_0_0_20170110231219975.jpg.chip.jpg
0,10,0,10_0_0_20170110225227587.jpg.chip.jpg
0,8,0,8_0_0_20170117175637404.jpg.chip.jpg
0,9,0,9_0_0_20170110223421536.jpg.chip.jpg
0,14,0,14_0_4_20170103200608359.jpg.chip.jpg
0,10,0,10_0_0_20170110225518663.jpg.chip.jpg
0,9,0,9_0_0_20170110220406314.jpg.chip.jpg
0,17,0,17_0_0_20170105183357879.jpg.chip.jpg
0,16,0,16_0_3_20170116030352295.jpg.chip.jpg
0,8,0,8_0_3_20161220222824203.jpg.chip.jpg
0,15,0,15_0_0_20170110225410802.jpg.chip.jpg
0,9,0,9_0_2_20170110215518068.jpg.chip.jpg
0,14,0,14_0_0_20170116201237010.jpg.chip.jpg
0,17,0,17_0_0_20170114025913647.jpg.chip.jpg
0,15,0,15_0_0_20170116201123807.jpg.chip.jpg
0,17,0,17_0_0_20170113132359393.jpg.chip.jpg
0,10,0,10_0_0_20170110225502403.jpg.chip.jpg
0,9,0,9_0_0_20170110215447268.jpg.chip.jpg
0,10,0,10_0_0_20170110220546177.jpg.chip.jpg
0,7,0,7_0_0_20170110215612275.jpg.chip.jpg
0,9,0,9_0_1_20170110220431778.jpg.chip.jpg
0,9,0,9_0_0_20170110224611885.jpg.chip.jpg
0,10,0,10_0_0_20170110224549512.jpg.chip.jpg
0,16,0,16_0_0_20170117134536197.jpg.chip.jpg
0,7,0,7_0_1_20170116153103465.jpg.chip.jpg
0,17,0,17_0_4_20170103212532692.jpg.chip.jpg
0,9,0,9_0_0_20170110220238481.jpg.chip.jpg
0,13,0,13_0_0_20170103200631336.jpg.chip.jpg
0,13,0,13_0_0_20170110224531616.jpg.chip.jpg
0,16,0,16_0_0_20170110231720674.jpg.chip.jpg
0,9,0,9_0_0_20170110224819698.jpg.chip.jpg
0,9,0,9_0_2_20161219192701323.jpg.chip.jpg
0,9,0,9_0_0_20170110220151722.jpg.chip.jpg
0,15,0,15_0_0_20170116201342325.jpg.chip.jpg
0,9,0,9_0_1_20170110224349623.jpg.chip.jpg
0,14,0,14_0_0_20170110232745742.jpg.chip.jpg
0,16,0,16_0_0_20170110231916206.jpg.chip.jpg
0,10,0,10_0_0_20170110224524253.jpg.chip.jpg
0,9,0,9_0_0_20170110215653284.jpg.chip.jpg
0,16,0,16_0_0_20170110231532894.jpg.chip.jpg
0,16,0,16_0_0_20170110231521377.jpg.chip.jpg
0,11,0,11_0_0_20170110220453002.jpg.chip.jpg
0,15,0,15_0_0_20170110232331351.jpg.chip.jpg
0,9,0,9_0_0_20170110220442681.jpg.chip.jpg
0,9,0,9_0_3_20170104225726769.jpg.chip.jpg
0,7,0,7_0_0_20170110215920604.jpg.chip.jpg
0,16,0,16_0_3_20170110232812662.jpg.chip.jpg
0,17,0,17_0_1_20170113145213577.jpg.chip.jpg
0,15,0,15_0_0_20170104012102240.jpg.chip.jpg
0,9,0,9_0_0_20170110221723108.jpg.chip.jpg
0,17,0,17_0_3_20170104225543888.jpg.chip.jpg
0,16,0,16_0_0_20170110231617005.jpg.chip.jpg
0,9,0,9_0_0_20170110221701052.jpg.chip.jpg
0,7,0,7_0_4_20161221201748793.jpg.chip.jpg
0,16,0,16_0_0_20170110231218369.jpg.chip.jpg
0,10,0,10_0_0_20170110225451638.jpg.chip.jpg
0,9,0,9_0_0_20170110220312322.jpg.chip.jpg
0,16,0,16_0_4_20170110232131606.jpg.chip.jpg
0,16,0,16_0_1_20170116161243731.jpg.chip.jpg
0,7,0,7_0_0_20170110224429257.jpg.chip.jpg
0,9,0,9_0_0_20170110225419379.jpg.chip.jpg
0,15,0,15_0_0_20170105183254311.jpg.chip.jpg
0,12,0,12_0_0_20170110224603045.jpg.chip.jpg
0,10,0,10_0_0_20170110225528484.jpg.chip.jpg
0,7,0,7_0_0_20170110224332642.jpg.chip.jpg
0,16,0,16_0_0_20170110231841292.jpg.chip.jpg
0,13,0,13_0_0_20170110232526929.jpg.chip.jpg
0,10,0,10_0_0_20170116201328751.jpg.chip.jpg
0,12,0,12_0_2_20170104013228314.jpg.chip.jpg
0,13,0,13_0_2_20170117152653604.jpg.chip.jpg
0,13,0,13_0_0_20170103200856687.jpg.chip.jpg
0,14,0,14_0_0_20170110231657425.jpg.chip.jpg
0,16,0,16_0_0_20170110232039461.jpg.chip.jpg
0,7,0,7_0_1_20170110224720024.jpg.chip.jpg
0,9,0,9_0_0_20170110225101384.jpg.chip.jpg
0,9,0,9_0_0_20170110224607682.jpg.chip.jpg
0,9,0,9_0_0_20170110215520268.jpg.chip.jpg
0,14,0,14_0_3_20170104225533201.jpg.chip.jpg
0,17,0,17_0_0_20170104011408904.jpg.chip.jpg
0,13,0,13_0_0_20170110225513115.jpg.chip.jpg
0,9,0,9_0_0_20170110224610119.jpg.chip.jpg
0,9,0,9_0_0_20170110223423662.jpg.chip.jpg
0,9,0,9_0_0_20170110220132059.jpg.chip.jpg
0,13,0,13_0_3_20170119153840721.jpg.chip.jpg
0,8,0,8_0_0_20170103210825483.jpg.chip.jpg
0,9,0,9_0_1_20170110223920908.jpg.chip.jpg
0,17,0,17_0_0_20170110231233724.jpg.chip.jpg
0,16,0,16_0_0_20170110225715009.jpg.chip.jpg
0,15,0,15_0_0_20170110225617650.jpg.chip.jpg
0,9,0,9_0_0_20170110220515721.jpg.chip.jpg
0,16,0,16_0_0_20170102234641453.jpg.chip.jpg
0,14,0,14_0_4_20170103200528094.jpg.chip.jpg
0,11,0,11_0_0_20170104012556563.jpg.chip.jpg
0,11,0,11_0_0_20170110224233654.jpg.chip.jpg
0,16,0,16_0_0_20170103201044224.jpg.chip.jpg
0,15,0,15_0_0_20170117134820249.jpg.chip.jpg
0,7,0,7_0_1_20170113161247843.jpg.chip.jpg
0,7,0,7_0_0_20170110215736826.jpg.chip.jpg
0,16,0,16_0_4_20170103201427977.jpg.chip.jpg
0,16,0,16_0_0_20170110231527285.jpg.chip.jpg
0,8,0,8_0_0_20170110215948795.jpg.chip.jpg
0,9,0,9_0_0_20170110224404052.jpg.chip.jpg
0,10,0,10_0_0_20170110220539329.jpg.chip.jpg
0,9,0,9_0_0_20170110224425000.jpg.chip.jpg
0,15,0,15_0_0_20170102234355667.jpg.chip.jpg
0,15,0,15_0_0_20170116201332456.jpg.chip.jpg
0,8,0,8_0_0_20170110225017437.jpg.chip.jpg
0,14,0,14_0_4_20170117192737955.jpg.chip.jpg
0,9,0,9_0_2_20170110220429818.jpg.chip.jpg
0,8,0,8_0_0_20170103210815996.jpg.chip.jpg
0,15,0,15_0_0_20170110224250144.jpg.chip.jpg
0,11,0,11_0_0_20170103200824775.jpg.chip.jpg
0,7,0,7_0_2_20161219190141683.jpg.chip.jpg
0,10,0,10_0_0_20170110220447314.jpg.chip.jpg
0,7,0,7_0_0_20170110215335739.jpg.chip.jpg
0,17,0,17_0_0_20170116205532920.jpg.chip.jpg
0,16,0,16_0_0_20170110231646278.jpg.chip.jpg
0,16,0,16_0_0_20170110231919941.jpg.chip.jpg
0,14,0,14_0_0_20170103201123159.jpg.chip.jpg
0,17,0,17_0_0_20170110231752726.jpg.chip.jpg
0,16,0,16_0_0_20170110231914222.jpg.chip.jpg
0,9,0,9_0_1_20170110220605937.jpg.chip.jpg
0,11,0,11_0_0_20170110224408700.jpg.chip.jpg
0,16,0,16_0_0_20170110232613101.jpg.chip.jpg
0,16,0,16_0_1_20170116214205175.jpg.chip.jpg
0,17,0,17_0_0_20170117193043124.jpg.chip.jpg
0,9,0,9_0_0_20170110215453036.jpg.chip.jpg
0,9,0,9_0_0_20170110225111291.jpg.chip.jpg
0,8,0,8_0_0_20170110220038315.jpg.chip.jpg
0,15,0,15_0_0_20170104002211388.jpg.chip.jpg
0,17,0,17_0_0_20170110231719325.jpg.chip.jpg
0,13,0,13_0_1_20170113150907477.jpg.chip.jpg
0,16,0,16_0_0_20170110225708208.jpg.chip.jpg
0,9,0,9_0_0_20170110225142725.jpg.chip.jpg
0,10,0,10_0_4_20170104010810728.jpg.chip.jpg
0,7,0,7_0_0_20170110215603860.jpg.chip.jpg
0,13,0,13_0_0_20170110225059227.jpg.chip.jpg
0,17,0,17_0_0_20170116201003399.jpg.chip.jpg
0,15,0,15_0_0_20170116201240276.jpg.chip.jpg
0,10,0,10_0_1_20170110220507258.jpg.chip.jpg
0,12,0,12_0_0_20170103201859385.jpg.chip.jpg
0,16,0,16_0_0_20170110231909175.jpg.chip.jpg
0,8,0,8_0_0_20170117175648380.jpg.chip.jpg
0,16,0,16_0_0_20170110231647962.jpg.chip.jpg
0,11,0,11_0_3_20170104013250186.jpg.chip.jpg
0,10,0,10_0_0_20170110225557604.jpg.chip.jpg
0,9,0,9_0_0_20170110225018913.jpg.chip.jpg
0,7,0,7_0_2_20170110224711687.jpg.chip.jpg
0,10,0,10_0_4_20170103202338152.jpg.chip.jpg
0,12,0,12_0_4_20170103200626630.jpg.chip.jpg
0,16,0,16_0_4_20161221200238647.jpg.chip.jpg
0,10,0,10_0_4_20170103200501766.jpg.chip.jpg
0,9,0,9_0_0_20170110224737016.jpg.chip.jpg
0,14,0,14_0_4_20170103200837103.jpg.chip.jpg
0,14,0,14_0_0_20170110224528797.jpg.chip.jpg
0,11,0,11_0_0_20170110232511893.jpg.chip.jpg
0,8,0,8_0_0_20170110220011635.jpg.chip.jpg
0,14,0,14_0_0_20170116211955846.jpg.chip.jpg
0,16,0,16_0_0_20170110231904662.jpg.chip.jpg
0,9,0,9_0_0_20170110224627443.jpg.chip.jpg
0,14,1,14_1_0_20170109203937399.jpg.chip.jpg
0,11,1,11_1_0_20170109205211093.jpg.chip.jpg
0,7,1,7_1_0_20170109205254531.jpg.chip.jpg
0,15,1,15_1_1_20170116164052068.jpg.chip.jpg
0,10,1,10_1_2_20170109205037024.jpg.chip.jpg
0,12,1,12_1_0_20170103200711205.jpg.chip.jpg
0,7,1,7_1_0_20170109204556280.jpg.chip.jpg
0,8,1,8_1_2_20161219194234250.jpg.chip.jpg
0,12,1,12_1_3_20170117154644725.jpg.chip.jpg
0,7,1,7_1_0_20170109192035908.jpg.chip.jpg
0,12,1,12_1_0_20170103200659679.jpg.chip.jpg
0,8,1,8_1_2_20170109203442372.jpg.chip.jpg
0,7,1,7_1_2_20161219190151899.jpg.chip.jpg
0,10,1,10_1_0_20170109204255055.jpg.chip.jpg
0,8,1,8_1_2_20170109205424712.jpg.chip.jpg
0,8,1,8_1_0_20170109203448247.jpg.chip.jpg
0,8,1,8_1_1_20170112211035045.jpg.chip.jpg
0,8,1,8_1_0_20170117175945147.jpg.chip.jpg
0,16,1,16_1_1_20170109214212884.jpg.chip.jpg
0,10,1,10_1_2_20170116175840105.jpg.chip.jpg
0,16,1,16_1_1_20170112191148791.jpg.chip.jpg
0,8,1,8_1_2_20161219153017828.jpg.chip.jpg
0,7,1,7_1_2_20161219190156114.jpg.chip.jpg
0,10,1,10_1_0_20170109203245653.jpg.chip.jpg
0,7,1,7_1_2_20161219190036147.jpg.chip.jpg
0,14,1,14_1_3_20170104222437734.jpg.chip.jpg
0,15,1,15_1_0_20170109214302271.jpg.chip.jpg
0,9,1,9_1_0_20170109204449076.jpg.chip.jpg
0,16,1,16_1_0_20170109213608540.jpg.chip.jpg
0,14,1,14_1_2_20170103200931103.jpg.chip.jpg
0,17,1,17_1_1_20170112231332486.jpg.chip.jpg
0,12,1,12_1_0_20170104013410523.jpg.chip.jpg
0,15,1,15_1_0_20170109213427133.jpg.chip.jpg
0,14,1,14_1_2_20170104013310115.jpg.chip.jpg
0,7,1,7_1_2_20161219193454051.jpg.chip.jpg
0,8,1,8_1_4_20170103210016155.jpg.chip.jpg
0,7,1,7_1_0_20170109200858883.jpg.chip.jpg
0,8,1,8_1_0_20170109203241741.jpg.chip.jpg
0,8,1,8_1_4_20170104005426863.jpg.chip.jpg
0,8,1,8_1_0_20170109203248565.jpg.chip.jpg
0,15,1,15_1_4_20170103201445071.jpg.chip.jpg
0,8,1,8_1_0_20170109204836782.jpg.chip.jpg
0,16,1,16_1_0_20170109214757287.jpg.chip.jpg
0,8,1,8_1_0_20170109202734214.jpg.chip.jpg
0,8,1,8_1_0_20170117175943380.jpg.chip.jpg
0,15,1,15_1_0_20170109214723528.jpg.chip.jpg
0,17,1,17_1_1_20170112191315076.jpg.chip.jpg
0,8,1,8_1_0_20170109204817102.jpg.chip.jpg
0,17,1,17_1_1_20170109214110957.jpg.chip.jpg
0,8,1,8_1_3_20161220222610115.jpg.chip.jpg
0,17,1,17_1_4_20161223214728028.jpg.chip.jpg
0,14,1,14_1_0_20170109203901444.jpg.chip.jpg
0,8,1,8_1_3_20161220222819947.jpg.chip.jpg
0,11,1,11_1_0_20170109203919852.jpg.chip.jpg
0,8,1,8_1_4_20170109202753127.jpg.chip.jpg
0,10,1,10_1_0_20170109204931156.jpg.chip.jpg
0,11,1,11_1_0_20170109204614249.jpg.chip.jpg
0,8,1,8_1_0_20170109204605797.jpg.chip.jpg
0,12,1,12_1_3_20170117152932909.jpg.chip.jpg
0,17,1,17_1_3_20170104221840229.jpg.chip.jpg
0,9,1,9_1_0_20170109200846880.jpg.chip.jpg
0,7,1,7_1_0_20170109205356415.jpg.chip.jpg
0,11,1,11_1_0_20170109203327397.jpg.chip.jpg
0,12,1,12_1_2_20170117194013371.jpg.chip.jpg
0,12,1,12_1_0_20170104005712405.jpg.chip.jpg
0,8,1,8_1_0_20170109205015327.jpg.chip.jpg
0,15,1,15_1_1_20170116000638538.jpg.chip.jpg
0,10,1,10_1_0_20170109203917216.jpg.chip.jpg
0,7,1,7_1_0_20170109202312260.jpg.chip.jpg
0,8,1,8_1_0_20170109203701788.jpg.chip.jpg
0,16,1,16_1_0_20170109212859323.jpg.chip.jpg
0,15,1,15_1_0_20170109204142217.jpg.chip.jpg
0,8,1,8_1_0_20170109203907694.jpg.chip.jpg
0,12,1,12_1_0_20170104013219930.jpg.chip.jpg
0,12,1,12_1_1_20170112213303693.jpg.chip.jpg
0,12,1,12_1_0_20170102234723371.jpg.chip.jpg
0,8,1,8_1_4_20161223230045701.jpg.chip.jpg
0,13,1,13_1_3_20170109213029072.jpg.chip.jpg
0,15,1,15_1_4_20170103214742821.jpg.chip.jpg
0,15,1,15_1_4_20170103233356803.jpg.chip.jpg
0,15,1,15_1_2_20170104015856031.jpg.chip.jpg
0,16,1,16_1_0_20170109213948727.jpg.chip.jpg
0,8,1,8_1_0_20170109202901798.jpg.chip.jpg
0,8,1,8_1_0_20170109203437340.jpg.chip.jpg
0,8,1,8_1_2_20161219163612574.jpg.chip.jpg
0,12,1,12_1_0_20170109205056743.jpg.chip.jpg
0,9,1,9_1_0_20170109202824646.jpg.chip.jpg
0,14,1,14_1_2_20170104012048369.jpg.chip.jpg
0,16,1,16_1_0_20170102234805899.jpg.chip.jpg
0,9,1,9_1_0_20170109204512608.jpg.chip.jpg
0,7,1,7_1_0_20170109205432160.jpg.chip.jpg
0,8,1,8_1_0_20170109204450889.jpg.chip.jpg
0,9,1,9_1_0_20170117172655681.jpg.chip.jpg
0,14,1,14_1_0_20170109204200483.jpg.chip.jpg
0,15,1,15_1_4_20170103201254359.jpg.chip.jpg
0,16,1,16_1_3_20170104214252949.jpg.chip.jpg
0,17,1,17_1_1_20170114030014850.jpg.chip.jpg
0,16,1,16_1_0_20170109213003514.jpg.chip.jpg
0,12,1,12_1_0_20170109203536309.jpg.chip.jpg
0,7,1,7_1_2_20161219160322149.jpg.chip.jpg
0,8,1,8_1_0_20170109205008946.jpg.chip.jpg
0,8,1,8_1_0_20170109202314510.jpg.chip.jpg
0,16,1,16_1_1_20170114025506835.jpg.chip.jpg
0,8,1,8_1_3_20170104221914568.jpg.chip.jpg
0,12,1,12_1_0_20170109204241570.jpg.chip.jpg
0,8,1,8_1_0_20170109205116937.jpg.chip.jpg
0,7,1,7_1_2_20161219160329535.jpg.chip.jpg
0,12,1,12_1_2_20170117145333545.jpg.chip.jpg
0,14,1,14_1_4_20170103201225838.jpg.chip.jpg
0,8,1,8_1_0_20170109201746036.jpg.chip.jpg
0,15,1,15_1_0_20170109213511851.jpg.chip.jpg
0,7,1,7_1_0_20170109204800702.jpg.chip.jpg
0,10,1,10_1_1_20170109203522559.jpg.chip.jpg
0,9,1,9_1_4_20170103213057382.jpg.chip.jpg
0,16,1,16_1_0_20170109203419299.jpg.chip.jpg
0,7,1,7_1_3_20161219225222280.jpg.chip.jpg
0,16,1,16_1_0_20170109212959831.jpg.chip.jpg
0,16,1,16_1_1_20170117172336195.jpg.chip.jpg
0,7,1,7_1_4_20161221202624721.jpg.chip.jpg
0,13,1,13_1_0_20170109214402325.jpg.chip.jpg
0,17,1,17_1_0_20170109214546339.jpg.chip.jpg
0,14,1,14_1_1_20170116235127595.jpg.chip.jpg
0,17,1,17_1_0_20170109213944067.jpg.chip.jpg
0,17,1,17_1_1_20170113005047678.jpg.chip.jpg
0,8,1,8_1_0_20170109205218680.jpg.chip.jpg
0,8,1,8_1_0_20170109202851846.jpg.chip.jpg
0,13,1,13_1_0_20170110224453650.jpg.chip.jpg
0,16,1,16_1_1_20170112191246585.jpg.chip.jpg
0,14,1,14_1_0_20170109213548658.jpg.chip.jpg
0,12,1,12_1_0_20170109203631496.jpg.chip.jpg
0,7,1,7_1_0_20170109201641541.jpg.chip.jpg
0,8,1,8_1_0_20170109205028805.jpg.chip.jpg
0,16,1,16_1_3_20170104223545496.jpg.chip.jpg
0,11,1,11_1_0_20170109205136852.jpg.chip.jpg
0,17,1,17_1_1_20170114030037010.jpg.chip.jpg
0,16,1,16_1_4_20170103201023166.jpg.chip.jpg
0,12,1,12_1_0_20170109201553786.jpg.chip.jpg
0,11,1,11_1_0_20170109205438571.jpg.chip.jpg
0,10,1,10_1_4_20161223225854867.jpg.chip.jpg
0,14,1,14_1_0_20170109212651931.jpg.chip.jpg
0,15,1,15_1_0_20170109213537150.jpg.chip.jpg
0,15,1,15_1_0_20170104013418578.jpg.chip.jpg
0,8,1,8_1_3_20161220220233122.jpg.chip.jpg
0,8,1,8_1_0_20170109201714114.jpg.chip.jpg
0,17,1,17_1_0_20170109214200825.jpg.chip.jpg
0,14,1,14_1_3_20170104221901782.jpg.chip.jpg
0,9,1,9_1_0_20170109204754719.jpg.chip.jpg
0,10,1,10_1_0_20170109203759972.jpg.chip.jpg
0,9,1,9_1_4_20170103200637399.jpg.chip.jpg
0,14,1,14_1_0_20170104011733528.jpg.chip.jpg
0,15,1,15_1_0_20170109214133273.jpg.chip.jpg
0,17,1,17_1_0_20170117140619087.jpg.chip.jpg
0,10,1,10_1_0_20170109204148144.jpg.chip.jpg
0,12,1,12_1_0_20170109201611941.jpg.chip.jpg
0,8,1,8_1_2_20161219163616367.jpg.chip.jpg
0,7,1,7_1_2_20170104023324470.jpg.chip.jpg
0,8,1,8_1_0_20170109202859958.jpg.chip.jpg
0,7,1,7_1_0_20170109205113183.jpg.chip.jpg
0,16,1,16_1_1_20170109212835445.jpg.chip.jpg
0,15,1,15_1_4_20170109212947695.jpg.chip.jpg
0,16,1,16_1_0_20170109214333355.jpg.chip.jpg
0,17,1,17_1_0_20170109214048004.jpg.chip.jpg
0,8,1,8_1_0_20170109205258890.jpg.chip.jpg
0,12,1,12_1_3_20161220222343139.jpg.chip.jpg
0,8,1,8_1_0_20170109205329922.jpg.chip.jpg
0,8,1,8_1_4_20170103214220325.jpg.chip.jpg
0,17,1,17_1_0_20170109213916364.jpg.chip.jpg
0,15,1,15_1_2_20170104012031136.jpg.chip.jpg
0,10,1,10_1_0_20170109202346880.jpg.chip.jpg
0,15,1,15_1_4_20170103200935782.jpg.chip.jpg
0,8,1,8_1_0_20170109203429413.jpg.chip.jpg
0,13,1,13_1_0_20170109204325267.jpg.chip.jpg
0,7,1,7_1_4_20161223232252196.jpg.chip.jpg
0,12,1,12_1_0_20170117181943783.jpg.chip.jpg
0,15,1,15_1_4_20170104005807401.jpg.chip.jpg
0,17,1,17_1_0_20170109214703699.jpg.chip.jpg
0,8,1,8_1_0_20170109205303856.jpg.chip.jpg
0,8,1,8_1_0_20170109202257880.jpg.chip.jpg
0,16,1,16_1_0_20170109213456322.jpg.chip.jpg
0,8,1,8_1_0_20170109205024714.jpg.chip.jpg
0,14,1,14_1_0_20170103163023120.jpg.chip.jpg
0,10,1,10_1_0_20170103175323250.jpg.chip.jpg
0,16,1,16_1_4_20170104011755640.jpg.chip.jpg
0,12,1,12_1_0_20170104005520631.jpg.chip.jpg
0,11,1,11_1_0_20170109204641514.jpg.chip.jpg
0,17,1,17_1_3_20170119153627673.jpg.chip.jpg
0,16,1,16_1_0_20170109204409777.jpg.chip.jpg
0,17,1,17_1_0_20170104013458371.jpg.chip.jpg
0,8,1,8_1_0_20170109201724457.jpg.chip.jpg
0,15,1,15_1_2_20170104012024121.jpg.chip.jpg
0,10,1,10_1_0_20170110220649364.jpg.chip.jpg
0,17,1,17_1_3_20170104222038870.jpg.chip.jpg
0,7,1,7_1_3_20161220222849971.jpg.chip.jpg
0,15,1,15_1_0_20170109203414090.jpg.chip.jpg
0,16,1,16_1_0_20170109213504335.jpg.chip.jpg
0,12,1,12_1_0_20170116211852302.jpg.chip.jpg
0,12,1,12_1_0_20170109200904988.jpg.chip.jpg
0,16,1,16_1_0_20170109214013596.jpg.chip.jpg
0,14,1,14_1_3_20161220220655004.jpg.chip.jpg
0,10,1,10_1_0_20170109205141310.jpg.chip.jpg
0,11,1,11_1_4_20170103233340363.jpg.chip.jpg
0,15,1,15_1_4_20170103223416559.jpg.chip.jpg
0,16,1,16_1_1_20170117194816437.jpg.chip.jpg
0,16,1,16_1_4_20170103201700919.jpg.chip.jpg
0,8,1,8_1_2_20170116194013325.jpg.chip.jpg
0,12,1,12_1_0_20170109203709140.jpg.chip.jpg
0,12,1,12_1_0_20170109204805155.jpg.chip.jpg
0,12,1,12_1_0_20170103200944175.jpg.chip.jpg
0,15,1,15_1_0_20170109213613605.jpg.chip.jpg
0,15,1,15_1_4_20170103201201509.jpg.chip.jpg
0,12,1,12_1_0_20170109203628860.jpg.chip.jpg
0,8,1,8_1_0_20170109204920415.jpg.chip.jpg
0,8,1,8_1_2_20170109205348937.jpg.chip.jpg
0,15,1,15_1_0_20170109204354264.jpg.chip.jpg
0,9,1,9_1_2_20170104020210475.jpg.chip.jpg
0,11,1,11_1_0_20170109204927071.jpg.chip.jpg
0,8,1,8_1_0_20170109205018500.jpg.chip.jpg
0,8,1,8_1_0_20170109205109678.jpg.chip.jpg
0,12,1,12_1_2_20170103201240488.jpg.chip.jpg
0,14,1,14_1_0_20170103201911744.jpg.chip.jpg
0,14,1,14_1_0_20170109213221821.jpg.chip.jpg
0,7,1,7_1_1_20170109201647377.jpg.chip.jpg
0,16,1,16_1_0_20170109213604149.jpg.chip.jpg
0,12,1,12_1_0_20170109204815030.jpg.chip.jpg
0,8,1,8_1_0_20170109203315965.jpg.chip.jpg
0,14,1,14_1_1_20170109203225054.jpg.chip.jpg
0,9,1,9_1_0_20170105000600802.jpg.chip.jpg
0,12,1,12_1_4_20170103200721583.jpg.chip.jpg
0,7,1,7_1_4_20170103230718288.jpg.chip.jpg
0,8,1,8_1_0_20170109205428806.jpg.chip.jpg
0,16,1,16_1_0_20170109212513215.jpg.chip.jpg
0,14,1,14_1_0_20170104005937407.jpg.chip.jpg
0,13,1,13_1_0_20170109213526011.jpg.chip.jpg
0,12,1,12_1_4_20170117201252893.jpg.chip.jpg
0,15,1,15_1_1_20170104012002526.jpg.chip.jpg
0,9,1,9_1_0_20170109202813775.jpg.chip.jpg
0,16,1,16_1_4_20170104005411807.jpg.chip.jpg
0,16,1,16_1_4_20170103201025695.jpg.chip.jpg
0,10,1,10_1_2_20170109201545634.jpg.chip.jpg
0,13,1,13_1_0_20170109204439327.jpg.chip.jpg
0,10,1,10_1_0_20170109203556029.jpg.chip.jpg
0,16,1,16_1_0_20170109214652137.jpg.chip.jpg
0,7,1,7_1_4_20170103230254954.jpg.chip.jpg
0,17,1,17_1_4_20170103233548115.jpg.chip.jpg
0,7,1,7_1_0_20170109194241191.jpg.chip.jpg
0,11,1,11_1_0_20170109204611305.jpg.chip.jpg
0,8,1,8_1_0_20170109204901514.jpg.chip.jpg
0,7,1,7_1_0_20170109194702900.jpg.chip.jpg
0,13,1,13_1_0_20170109214425620.jpg.chip.jpg
0,7,1,7_1_0_20170109192242639.jpg.chip.jpg
0,14,1,14_1_0_20170117135203837.jpg.chip.jpg
0,14,1,14_1_3_20170104221818294.jpg.chip.jpg
0,10,1,10_1_0_20161220222001459.jpg.chip.jpg
0,10,1,10_1_0_20170109204859493.jpg.chip.jpg
0,9,1,9_1_0_20170103212649164.jpg.chip.jpg
0,11,1,11_1_0_20170109203353740.jpg.chip.jpg
0,12,1,12_1_4_20170109214232071.jpg.chip.jpg
0,16,1,16_1_0_20170109214605824.jpg.chip.jpg
0,8,1,8_1_1_20170109205445571.jpg.chip.jpg
0,14,1,14_1_2_20170109204853921.jpg.chip.jpg
0,16,1,16_1_1_20170116204334206.jpg.chip.jpg
0,9,1,9_1_0_20170104013159819.jpg.chip.jpg
0,17,1,17_1_0_20170104005759343.jpg.chip.jpg
0,13,1,13_1_4_20170103200913055.jpg.chip.jpg
0,12,1,12_1_1_20170109204024091.jpg.chip.jpg
0,12,1,12_1_2_20170109214246240.jpg.chip.jpg
0,8,1,8_1_0_20170109201536853.jpg.chip.jpg
0,7,1,7_1_0_20170109203621621.jpg.chip.jpg
0,16,1,16_1_0_20170109213443708.jpg.chip.jpg
0,9,1,9_1_3_20161219225144784.jpg.chip.jpg
0,17,1,17_1_2_20161219190706307.jpg.chip.jpg
0,16,1,16_1_0_20170109214508303.jpg.chip.jpg
0,15,1,15_1_1_20170112230550725.jpg.chip.jpg
0,13,1,13_1_0_20170104005742384.jpg.chip.jpg
0,12,1,12_1_0_20170109212505669.jpg.chip.jpg
0,16,1,16_1_1_20170112230648917.jpg.chip.jpg
0,15,1,15_1_3_20161220145451968.jpg.chip.jpg
0,15,1,15_1_3_20170119164417238.jpg.chip.jpg
0,8,1,8_1_4_20170104010936352.jpg.chip.jpg
0,8,1,8_1_0_20170109200833660.jpg.chip.jpg
0,12,1,12_1_0_20170109203240213.jpg.chip.jpg
0,12,1,12_1_0_20170103200742207.jpg.chip.jpg
0,7,1,7_1_4_20161223225843468.jpg.chip.jpg
0,7,1,7_1_0_20170109200923305.jpg.chip.jpg
0,8,1,8_1_0_20170109202756111.jpg.chip.jpg
0,17,1,17_1_1_20170114030034621.jpg.chip.jpg
0,15,1,15_1_1_20170112230538604.jpg.chip.jpg
0,14,1,14_1_0_20170109214349442.jpg.chip.jpg
0,10,1,10_1_1_20170109203348828.jpg.chip.jpg
0,14,1,14_1_0_20170104005158239.jpg.chip.jpg
0,14,1,14_1_2_20170104021105972.jpg.chip.jpg
0,15,1,15_1_1_20170109214142778.jpg.chip.jpg
0,9,1,9_1_0_20170109204249427.jpg.chip.jpg
0,16,1,16_1_3_20170104012449865.jpg.chip.jpg
0,12,1,12_1_0_20170109203606169.jpg.chip.jpg
0,7,1,7_1_0_20170109201718572.jpg.chip.jpg
0,16,1,16_1_1_20170109213003514.jpg.chip.jpg
0,17,1,17_1_1_20170112234115471.jpg.chip.jpg
0,15,1,15_1_2_20161219190855506.jpg.chip.jpg
0,13,1,13_1_0_20170109204128684.jpg.chip.jpg
0,16,1,16_1_3_20170104222208647.jpg.chip.jpg
0,10,1,10_1_0_20170109204844109.jpg.chip.jpg
0,16,1,16_1_0_20170109212357604.jpg.chip.jpg
0,14,1,14_1_0_20170109203842960.jpg.chip.jpg
0,10,1,10_1_0_20170109203501969.jpg.chip.jpg
0,14,1,14_1_4_20170103233153851.jpg.chip.jpg
0,15,1,15_1_0_20170109204150999.jpg.chip.jpg
0,16,1,16_1_0_20170109212413425.jpg.chip.jpg
0,12,1,12_1_2_20170103200649030.jpg.chip.jpg
0,13,1,13_1_0_20170109214314841.jpg.chip.jpg
0,8,1,8_1_3_20170104222635007.jpg.chip.jpg
0,8,1,8_1_4_20170109201844552.jpg.chip.jpg
0,7,1,7_1_4_20161221193125000.jpg.chip.jpg
0,16,1,16_1_3_20170109213433239.jpg.chip.jpg
0,7,1,7_1_0_20170109201632806.jpg.chip.jpg
0,16,1,16_1_0_20170109214535714.jpg.chip.jpg
0,15,1,15_1_0_20170109214328421.jpg.chip.jpg
0,10,1,10_1_0_20170109204338404.jpg.chip.jpg
0,17,1,17_1_1_20170113003718549.jpg.chip.jpg
0,14,1,14_1_4_20170103200753206.jpg.chip.jpg
0,16,1,16_1_1_20170114025512971.jpg.chip.jpg
0,15,1,15_1_0_20170109214319385.jpg.chip.jpg
0,8,1,8_1_3_20170104222431175.jpg.chip.jpg
0,11,1,11_1_0_20170109204123358.jpg.chip.jpg
0,14,1,14_1_4_20170109205457235.jpg.chip.jpg
0,8,1,8_1_0_20170109204532695.jpg.chip.jpg
0,17,1,17_1_1_20170103201529736.jpg.chip.jpg
0,11,1,11_1_0_20170109204833458.jpg.chip.jpg
0,8,1,8_1_0_20170109202317876.jpg.chip.jpg
0,14,1,14_1_3_20170104221756497.jpg.chip.jpg
0,10,1,10_1_0_20170109204422889.jpg.chip.jpg
0,17,1,17_1_3_20170104222027959.jpg.chip.jpg
0,8,1,8_1_0_20170109205031725.jpg.chip.jpg
0,17,1,17_1_1_20170114030019967.jpg.chip.jpg
0,17,1,17_1_4_20170103222920542.jpg.chip.jpg
0,14,1,14_1_0_20170109204321875.jpg.chip.jpg
0,13,1,13_1_4_20170104005323135.jpg.chip.jpg
0,16,1,16_1_0_20170117193255060.jpg.chip.jpg
0,14,1,14_1_1_20170116003214404.jpg.chip.jpg
0,15,1,15_1_0_20170109214024612.jpg.chip.jpg
0,12,1,12_1_0_20170109205104124.jpg.chip.jpg
0,8,1,8_1_4_20170103200403187.jpg.chip.jpg
0,10,1,10_1_0_20170109203608654.jpg.chip.jpg
0,17,1,17_1_1_20170116234754901.jpg.chip.jpg
0,17,1,17_1_0_20170103163207606.jpg.chip.jpg
0,8,1,8_1_4_20170109202334991.jpg.chip.jpg
0,17,1,17_1_0_20170109213518093.jpg.chip.jpg
0,16,1,16_1_0_20170119155149354.jpg.chip.jpg
0,17,1,17_1_3_20170104221735351.jpg.chip.jpg
0,14,1,14_1_0_20170109205406978.jpg.chip.jpg
0,17,1,17_1_4_20170103233523157.jpg.chip.jpg
0,10,1,10_1_0_20170109201728056.jpg.chip.jpg
0,17,1,17_1_4_20170102234911226.jpg.chip.jpg
0,11,1,11_1_3_20170104223632543.jpg.chip.jpg
0,8,1,8_1_0_20170109202305645.jpg.chip.jpg
0,7,1,7_1_3_20170104223307815.jpg.chip.jpg
0,8,1,8_1_2_20170109201847910.jpg.chip.jpg
0,15,1,15_1_0_20170109214307598.jpg.chip.jpg
0,15,1,15_1_1_20170104005130400.jpg.chip.jpg
0,11,1,11_1_4_20170104005813063.jpg.chip.jpg
0,8,1,8_1_0_20170109204608113.jpg.chip.jpg
0,13,1,13_1_0_20170109205119953.jpg.chip.jpg
0,7,1,7_1_0_20170109205100937.jpg.chip.jpg
0,7,1,7_1_0_20170109200933192.jpg.chip.jpg
0,14,1,14_1_0_20170103200757286.jpg.chip.jpg
0,12,1,12_1_3_20170104013517483.jpg.chip.jpg
0,8,1,8_1_4_20170104005525759.jpg.chip.jpg
0,12,1,12_1_0_20170109204750280.jpg.chip.jpg
0,15,1,15_1_0_20170103201844088.jpg.chip.jpg
0,11,1,11_1_2_20170104005111615.jpg.chip.jpg
0,16,1,16_1_1_20170114030930183.jpg.chip.jpg
0,11,1,11_1_0_20170109203422194.jpg.chip.jpg
0,14,1,14_1_0_20170109214428765.jpg.chip.jpg
0,16,1,16_1_0_20170117133441179.jpg.chip.jpg
0,14,1,14_1_0_20170109204846649.jpg.chip.jpg
0,8,1,8_1_0_20170109202802966.jpg.chip.jpg
0,7,1,7_1_0_20170104005339735.jpg.chip.jpg
0,14,1,14_1_0_20170109204135732.jpg.chip.jpg
0,14,1,14_1_0_20170109212926958.jpg.chip.jpg
0,17,1,17_1_1_20170112230710598.jpg.chip.jpg
0,17,1,17_1_1_20170112230526286.jpg.chip.jpg
0,17,1,17_1_0_20170109213621558.jpg.chip.jpg
0,8,1,8_1_2_20170109203443934.jpg.chip.jpg
0,14,1,14_1_0_20170109214707410.jpg.chip.jpg
0,12,1,12_1_0_20170109203306886.jpg.chip.jpg
0,10,1,10_1_1_20170109202938302.jpg.chip.jpg
0,16,1,16_1_0_20170103201016775.jpg.chip.jpg
0,8,1,8_1_0_20170103200353070.jpg.chip.jpg
0,7,1,7_1_1_20170112210604630.jpg.chip.jpg
0,16,1,16_1_0_20170109214102958.jpg.chip.jpg
0,10,1,10_1_0_20170109205003280.jpg.chip.jpg
0,10,1,10_1_0_20170103200654246.jpg.chip.jpg
0,16,1,16_1_0_20170109213357694.jpg.chip.jpg
0,8,1,8_1_2_20170109203855544.jpg.chip.jpg
0,10,1,10_1_3_20170109203848078.jpg.chip.jpg
0,12,1,12_1_3_20170104012400657.jpg.chip.jpg
0,15,1,15_1_4_20170103201329807.jpg.chip.jpg
0,12,1,12_1_0_20170109200852145.jpg.chip.jpg
0,14,1,14_1_0_20170109212749213.jpg.chip.jpg
0,17,1,17_1_0_20170109214542387.jpg.chip.jpg
0,12,1,12_1_0_20170109204428993.jpg.chip.jpg
0,15,1,15_1_4_20170103201247846.jpg.chip.jpg
0,7,1,7_1_1_20170109194708063.jpg.chip.jpg
0,17,1,17_1_1_20170113003736181.jpg.chip.jpg
0,9,1,9_1_0_20170110224621441.jpg.chip.jpg
0,12,1,12_1_0_20170109200926532.jpg.chip.jpg
0,7,1,7_1_4_20170103201832231.jpg.chip.jpg
0,8,1,8_1_0_20170109202405671.jpg.chip.jpg
0,8,1,8_1_1_20170109203252446.jpg.chip.jpg
0,7,1,7_1_2_20161219194239107.jpg.chip.jpg
0,14,1,14_1_0_20170109212753539.jpg.chip.jpg
0,7,1,7_1_3_20161220222848971.jpg.chip.jpg
0,7,1,7_1_1_20170116225209209.jpg.chip.jpg
0,8,1,8_1_0_20170109205256828.jpg.chip.jpg
0,12,1,12_1_0_20170109214435512.jpg.chip.jpg
0,8,1,8_1_0_20170109201053203.jpg.chip.jpg
0,8,1,8_1_0_20170109202339392.jpg.chip.jpg
0,16,1,16_1_0_20170109213440225.jpg.chip.jpg
0,13,1,13_1_4_20170103200733438.jpg.chip.jpg
0,8,1,8_1_0_20170109202254541.jpg.chip.jpg
0,17,1,17_1_2_20170104020251980.jpg.chip.jpg
0,14,1,14_1_0_20170104011842010.jpg.chip.jpg
0,14,1,14_1_0_20170109203405475.jpg.chip.jpg
0,7,1,7_1_0_20170104005639246.jpg.chip.jpg
0,10,1,10_1_3_20170117144247699.jpg.chip.jpg
0,17,1,17_1_4_20170104001810179.jpg.chip.jpg
0,15,1,15_1_1_20170112191307797.jpg.chip.jpg
0,15,1,15_1_0_20170109204416506.jpg.chip.jpg
0,12,1,12_1_0_20170103175441790.jpg.chip.jpg
0,11,1,11_1_0_20170109205214234.jpg.chip.jpg
0,15,1,15_1_4_20170104005847968.jpg.chip.jpg
0,16,1,16_1_0_20170103163010615.jpg.chip.jpg
0,7,1,7_1_4_20161221193133117.jpg.chip.jpg
0,10,1,10_1_1_20170109204636561.jpg.chip.jpg
0,16,1,16_1_0_20170109204155179.jpg.chip.jpg
0,14,1,14_1_0_20170109214635943.jpg.chip.jpg
0,8,1,8_1_0_20170109203314749.jpg.chip.jpg
0,14,1,14_1_0_20170103183504594.jpg.chip.jpg
0,8,1,8_1_0_20170109204627905.jpg.chip.jpg
0,16,1,16_1_0_20170102234728107.jpg.chip.jpg
0,10,1,10_1_0_20170109203924076.jpg.chip.jpg
0,17,1,17_1_3_20170104223349358.jpg.chip.jpg
0,10,1,10_1_3_20170109205323078.jpg.chip.jpg
0,8,1,8_1_3_20170104221730663.jpg.chip.jpg
0,11,1,11_1_0_20170109205441860.jpg.chip.jpg
0,14,1,14_1_2_20170104012506017.jpg.chip.jpg
0,15,1,15_1_0_20170104013549874.jpg.chip.jpg
0,15,1,15_1_2_20170116175234078.jpg.chip.jpg
0,7,1,7_1_0_20170114025204820.jpg.chip.jpg
0,13,1,13_1_0_20170109205106776.jpg.chip.jpg
0,13,1,13_1_0_20170109204849625.jpg.chip.jpg
0,16,1,16_1_0_20170116214318225.jpg.chip.jpg
0,11,1,11_1_0_20170109204030951.jpg.chip.jpg
0,11,1,11_1_1_20170114033545468.jpg.chip.jpg
0,17,1,17_1_0_20170111182452732.jpg.chip.jpg
0,13,1,13_1_3_20170117181350659.jpg.chip.jpg
0,12,1,12_1_0_20170109204206273.jpg.chip.jpg
0,15,1,15_1_0_20170105000525758.jpg.chip.jpg
0,17,1,17_1_0_20170113210605193.jpg.chip.jpg
0,12,1,12_1_0_20170109205045850.jpg.chip.jpg
0,7,1,7_1_4_20170103212641884.jpg.chip.jpg
0,11,1,11_1_4_20161223225953124.jpg.chip.jpg
0,8,1,8_1_0_20170109200841548.jpg.chip.jpg
0,10,1,10_1_1_20170117134313205.jpg.chip.jpg
0,8,1,8_1_0_20170109204418516.jpg.chip.jpg
0,14,1,14_1_3_20170104013523266.jpg.chip.jpg
0,8,1,8_1_2_20161219163614671.jpg.chip.jpg
0,7,1,7_1_3_20161220221712842.jpg.chip.jpg
0,16,1,16_1_4_20170103234142187.jpg.chip.jpg
0,8,1,8_1_3_20170104221828238.jpg.chip.jpg
0,17,1,17_1_0_20170104012351409.jpg.chip.jpg
0,13,1,13_1_0_20170109204923296.jpg.chip.jpg
0,10,1,10_1_0_20170109204259563.jpg.chip.jpg
0,17,1,17_1_0_20170102234717403.jpg.chip.jpg
0,8,1,8_1_4_20170109202746183.jpg.chip.jpg
0,8,1,8_1_0_20170109205426790.jpg.chip.jpg
0,8,1,8_1_0_20170103200956895.jpg.chip.jpg
0,8,1,8_1_0_20170109205416266.jpg.chip.jpg
0,10,1,10_1_3_20170104221633430.jpg.chip.jpg
0,7,1,7_1_4_20161224001014334.jpg.chip.jpg
0,7,1,7_1_0_20170109205404516.jpg.chip.jpg
0,7,1,7_1_0_20170109193930338.jpg.chip.jpg
0,8,1,8_1_0_20170109203407112.jpg.chip.jpg
0,16,1,16_1_0_20170102234708483.jpg.chip.jpg
0,8,1,8_1_3_20161220220832858.jpg.chip.jpg
0,17,1,17_1_1_20170114030029194.jpg.chip.jpg
0,8,1,8_1_0_20170109204954253.jpg.chip.jpg
0,11,1,11_1_0_20170117133441179.jpg.chip.jpg
0,13,1,13_1_0_20170109205237062.jpg.chip.jpg
0,8,1,8_1_0_20170109203433105.jpg.chip.jpg
0,17,1,17_1_3_20170119153612825.jpg.chip.jpg
0,16,1,16_1_0_20170105000748206.jpg.chip.jpg
0,16,1,16_1_4_20170103233406635.jpg.chip.jpg
0,8,1,8_1_0_20170109202906495.jpg.chip.jpg
0,15,1,15_1_4_20170103233441003.jpg.chip.jpg
0,16,1,16_1_0_20170109212525685.jpg.chip.jpg
0,16,1,16_1_4_20170102234841875.jpg.chip.jpg
0,8,1,8_1_4_20170117192945532.jpg.chip.jpg
0,8,1,8_1_0_20170109205108577.jpg.chip.jpg
0,10,1,10_1_2_20170103201007646.jpg.chip.jpg
0,15,1,15_1_3_20170104221641789.jpg.chip.jpg
0,9,1,9_1_0_20170117180006484.jpg.chip.jpg
0,15,1,15_1_2_20170102234824195.jpg.chip.jpg
0,17,1,17_1_0_20170105183400255.jpg.chip.jpg
0,8,1,8_1_0_20170120230542954.jpg.chip.jpg
0,14,1,14_1_0_20170109204131257.jpg.chip.jpg
0,16,1,16_1_0_20170109212446278.jpg.chip.jpg
0,15,1,15_1_0_20170109214523308.jpg.chip.jpg
0,12,1,12_1_0_20170109203700059.jpg.chip.jpg
0,13,1,13_1_3_20170109205242338.jpg.chip.jpg
0,12,1,12_1_3_20170117174916351.jpg.chip.jpg
0,10,1,10_1_0_20170109203512075.jpg.chip.jpg
0,17,1,17_1_0_20170109213933756.jpg.chip.jpg
0,7,1,7_1_4_20161221193134222.jpg.chip.jpg
0,15,1,15_1_0_20170109204203014.jpg.chip.jpg
0,11,1,11_1_0_20170103200517422.jpg.chip.jpg
0,9,1,9_1_4_20170103200814791.jpg.chip.jpg
0,8,1,8_1_3_20161220222538539.jpg.chip.jpg
0,16,1,16_1_0_20170109214402325.jpg.chip.jpg
0,16,1,16_1_0_20170109214415828.jpg.chip.jpg
0,8,1,8_1_0_20170109202316791.jpg.chip.jpg
0,7,1,7_1_3_20170104221740399.jpg.chip.jpg
0,12,1,12_1_0_20170104012017177.jpg.chip.jpg
0,14,1,14_1_4_20170103201207132.jpg.chip.jpg
0,16,1,16_1_0_20170116204045849.jpg.chip.jpg
0,15,1,15_1_3_20170104222011950.jpg.chip.jpg
0,12,1,12_1_3_20170104223643593.jpg.chip.jpg
0,13,1,13_1_0_20170109203322570.jpg.chip.jpg
0,8,1,8_1_4_20170109202358152.jpg.chip.jpg
0,10,1,10_1_0_20170109204617417.jpg.chip.jpg
0,8,1,8_1_0_20170109205515528.jpg.chip.jpg
0,17,1,17_1_1_20170114030031959.jpg.chip.jpg
0,15,1,15_1_0_20170109214352795.jpg.chip.jpg
0,8,1,8_1_0_20170104005606487.jpg.chip.jpg
0,8,1,8_1_0_20170109204516373.jpg.chip.jpg
0,14,1,14_1_2_20170102234329485.jpg.chip.jpg
0,15,1,15_1_2_20170104012441969.jpg.chip.jpg
0,15,1,15_1_0_20170117134420894.jpg.chip.jpg
0,7,1,7_1_3_20161220222847210.jpg.chip.jpg
0,16,1,16_1_0_20170109204530608.jpg.chip.jpg
0,17,1,17_1_0_20170104011923497.jpg.chip.jpg
0,17,1,17_1_4_20170103212235036.jpg.chip.jpg
0,16,1,16_1_3_20170104223040239.jpg.chip.jpg
0,7,1,7_1_0_20170109204841362.jpg.chip.jpg
0,7,1,7_1_1_20170109193114418.jpg.chip.jpg
0,12,1,12_1_0_20170109213526011.jpg.chip.jpg
0,15,1,15_1_0_20170109213555287.jpg.chip.jpg
1,27,0,27_0_1_20170113133926055.jpg.chip.jpg
1,24,0,24_0_3_20170117150025331.jpg.chip.jpg
1,28,0,28_0_1_20170113145417934.jpg.chip.jpg
1,18,0,18_0_1_20170113135429329.jpg.chip.jpg
1,23,0,23_0_0_20170117144116074.jpg.chip.jpg
1,28,0,28_0_2_20170117135248701.jpg.chip.jpg
1,25,0,25_0_0_20170116222936983.jpg.chip.jpg
1,28,0,28_0_1_20170117015443654.jpg.chip.jpg
1,26,0,26_0_0_20170113210127395.jpg.chip.jpg
1,19,0,19_0_0_20170117140608208.jpg.chip.jpg
1,26,0,26_0_3_20170119180905795.jpg.chip.jpg
1,27,0,27_0_0_20170117202125551.jpg.chip.jpg
1,23,0,23_0_3_20170119164224534.jpg.chip.jpg
1,27,0,27_0_3_20170117175516521.jpg.chip.jpg
1,26,0,26_0_4_20170117195705718.jpg.chip.jpg
1,26,0,26_0_3_20170119180622762.jpg.chip.jpg
1,27,0,27_0_3_20170119193303226.jpg.chip.jpg
1,23,0,23_0_3_20170119151125607.jpg.chip.jpg
1,25,0,25_0_0_20170117133936015.jpg.chip.jpg
1,28,0,28_0_3_20170119194921298.jpg.chip.jpg
1,28,0,28_0_1_20170113175230916.jpg.chip.jpg
1,20,0,20_0_1_20170113132355967.jpg.chip.jpg
1,24,0,24_0_0_20170113210126406.jpg.chip.jpg
1,27,0,27_0_3_20170104230231577.jpg.chip.jpg
1,23,0,23_0_0_20170116221708213.jpg.chip.jpg
1,25,0,25_0_1_20170116001340216.jpg.chip.jpg
1,29,0,29_0_0_20170117120546242.jpg.chip.jpg
1,22,0,22_0_1_20170110223418177.jpg.chip.jpg
1,22,0,22_0_1_20170114033114683.jpg.chip.jpg
1,25,0,25_0_0_20170117203843296.jpg.chip.jpg
1,26,0,26_0_3_20170119184330719.jpg.chip.jpg
1,29,0,29_0_1_20170116025852455.jpg.chip.jpg
1,26,0,26_0_3_20170104232208944.jpg.chip.jpg
1,26,0,26_0_0_20170103181224784.jpg.chip.jpg
1,29,0,29_0_2_20170116205917784.jpg.chip.jpg
1,21,0,21_0_4_20161223214823880.jpg.chip.jpg
1,28,0,28_0_1_20170120220341425.jpg.chip.jpg
1,28,0,28_0_4_20170117180230348.jpg.chip.jpg
1,26,0,26_0_3_20170119184306231.jpg.chip.jpg
1,19,0,19_0_0_20170114030748851.jpg.chip.jpg
1,24,0,24_0_2_20170104020112732.jpg.chip.jpg
1,26,0,26_0_1_20170116030131527.jpg.chip.jpg
1,23,0,23_0_0_20170117144439657.jpg.chip.jpg
1,27,0,27_0_3_20170119193205856.jpg.chip.jpg
1,21,0,21_0_4_20170114030756751.jpg.chip.jpg
1,24,0,24_0_1_20170114030108935.jpg.chip.jpg
1,27,0,27_0_2_20170119193331082.jpg.chip.jpg
1,24,0,24_0_2_20170116170804180.jpg.chip.jpg
1,25,0,25_0_0_20170116213450000.jpg.chip.jpg
1,26,0,26_0_1_20170116225054291.jpg.chip.jpg
1,26,0,26_0_1_20170113155103554.jpg.chip.jpg
1,26,0,26_0_3_20170119180528964.jpg.chip.jpg
1,26,0,26_0_3_20170119180506660.jpg.chip.jpg
1,24,0,24_0_3_20170115230942077.jpg.chip.jpg
1,26,0,26_0_1_20170113175434540.jpg.chip.jpg
1,29,0,29_0_4_20170103234728788.jpg.chip.jpg
1,26,0,26_0_1_20170116010639525.jpg.chip.jpg
1,26,0,26_0_1_20170116193145119.jpg.chip.jpg
1,28,0,28_0_0_20170120134432302.jpg.chip.jpg
1,20,0,20_0_0_20170116205352042.jpg.chip.jpg
1,28,0,28_0_1_20170113151400128.jpg.chip.jpg
1,25,0,25_0_4_20170103235109805.jpg.chip.jpg
1,21,0,21_0_3_20170119153827185.jpg.chip.jpg
1,27,0,27_0_2_20170119193329569.jpg.chip.jpg
1,28,0,28_0_3_20170104215616229.jpg.chip.jpg
1,28,0,28_0_1_20170114032935025.jpg.chip.jpg
1,24,0,24_0_3_20170119150342598.jpg.chip.jpg
1,26,0,26_0_3_20170119183349137.jpg.chip.jpg
1,26,0,26_0_0_20170117173437732.jpg.chip.jpg
1,27,0,27_0_3_20170119194317923.jpg.chip.jpg
1,26,0,26_0_4_20170117153449084.jpg.chip.jpg
1,29,0,29_0_0_20170117120426927.jpg.chip.jpg
1,22,0,22_0_1_20170113155002433.jpg.chip.jpg
1,26,0,26_0_1_20170116182256853.jpg.chip.jpg
1,21,0,21_0_4_20161223214827816.jpg.chip.jpg
1,27,0,27_0_1_20170117013724759.jpg.chip.jpg
1,26,0,26_0_1_20170117195724773.jpg.chip.jpg
1,26,0,26_0_1_20170116200951477.jpg.chip.jpg
1,27,0,27_0_1_20170117012354143.jpg.chip.jpg
1,26,0,26_0_3_20170104230424841.jpg.chip.jpg
1,21,0,21_0_0_20170116215444801.jpg.chip.jpg
1,21,0,21_0_1_20170113133117587.jpg.chip.jpg
1,22,0,22_0_0_20170119150241646.jpg.chip.jpg
1,26,0,26_0_1_20170113134358506.jpg.chip.jpg
1,22,0,22_0_1_20170113133555880.jpg.chip.jpg
1,26,0,26_0_2_20170116161324238.jpg.chip.jpg
1,27,0,27_0_0_20170117012808138.jpg.chip.jpg
1,26,0,26_0_1_20170113151918513.jpg.chip.jpg
1,26,0,26_0_0_20170105183712607.jpg.chip.jpg
1,26,0,26_0_1_20170117173502013.jpg.chip.jpg
1,27,0,27_0_3_20170117175425208.jpg.chip.jpg
1,26,0,26_0_3_20170119183150981.jpg.chip.jpg
1,27,0,27_0_0_20170117020138207.jpg.chip.jpg
1,28,0,28_0_3_20170119194432235.jpg.chip.jpg
1,29,0,29_0_3_20170119195312988.jpg.chip.jpg
1,28,0,28_0_3_20170119194554827.jpg.chip.jpg
1,28,0,28_0_0_20170103181320400.jpg.chip.jpg
1,28,0,28_0_3_20170119194919803.jpg.chip.jpg
1,26,0,26_0_0_20170117195448787.jpg.chip.jpg
1,27,0,27_0_3_20170119193400258.jpg.chip.jpg
1,27,0,27_0_0_20170113210126713.jpg.chip.jpg
1,26,0,26_0_0_20170117091437385.jpg.chip.jpg
1,25,0,25_0_3_20170117151555901.jpg.chip.jpg
1,26,0,26_0_3_20170104214448709.jpg.chip.jpg
1,21,0,21_0_1_20170114031536421.jpg.chip.jpg
1,24,0,24_0_0_20170116204032263.jpg.chip.jpg
1,26,0,26_0_1_20170113175359836.jpg.chip.jpg
1,26,0,26_0_2_20170116175845872.jpg.chip.jpg
1,19,0,19_0_1_20170110231850376.jpg.chip.jpg
1,26,0,26_0_0_20170103181004512.jpg.chip.jpg
1,24,0,24_0_1_20170117194748068.jpg.chip.jpg
1,25,0,25_0_0_20170117151532082.jpg.chip.jpg
1,26,0,26_0_3_20170119183944270.jpg.chip.jpg
1,29,0,29_0_1_20170113150655423.jpg.chip.jpg
1,29,0,29_0_1_20170113141746548.jpg.chip.jpg
1,21,0,21_0_1_20170114032016183.jpg.chip.jpg
1,28,0,28_0_1_20170113133920440.jpg.chip.jpg
1,29,0,29_0_1_20170113151522064.jpg.chip.jpg
1,24,0,24_0_3_20170104230211113.jpg.chip.jpg
1,19,0,19_0_0_20170103180141544.jpg.chip.jpg
1,24,0,24_0_1_20170103181218960.jpg.chip.jpg
1,22,0,22_0_0_20170119151204830.jpg.chip.jpg
1,26,0,26_0_3_20170117154746934.jpg.chip.jpg
1,28,0,28_0_0_20170117120938226.jpg.chip.jpg
1,28,0,28_0_1_20170113195927894.jpg.chip.jpg
1,25,0,25_0_4_20170114034244572.jpg.chip.jpg
1,23,0,23_0_1_20170113195548821.jpg.chip.jpg
1,28,0,28_0_1_20170113155301388.jpg.chip.jpg
1,28,0,28_0_2_20170116162019874.jpg.chip.jpg
1,28,0,28_0_0_20170116220747543.jpg.chip.jpg
1,28,0,28_0_1_20170117020634195.jpg.chip.jpg
1,26,0,26_0_4_20170117200533197.jpg.chip.jpg
1,22,0,22_0_2_20170104021129925.jpg.chip.jpg
1,26,0,26_0_0_20170117171750643.jpg.chip.jpg
1,20,0,20_0_2_20170117193519517.jpg.chip.jpg
1,25,0,25_0_1_20170117012445920.jpg.chip.jpg
1,29,0,29_0_1_20170116001349353.jpg.chip.jpg
1,28,0,28_0_2_20170116170855714.jpg.chip.jpg
1,25,0,25_0_2_20170116212011508.jpg.chip.jpg
1,20,0,20_0_4_20170117193505639.jpg.chip.jpg
1,29,0,29_0_2_20170116172041615.jpg.chip.jpg
1,28,0,28_0_1_20170117202249743.jpg.chip.jpg
1,26,0,26_0_3_20170119184126439.jpg.chip.jpg
1,25,0,25_0_3_20170119144441117.jpg.chip.jpg
1,24,0,24_0_2_20170112192345078.jpg.chip.jpg
1,25,0,25_0_0_20170117151643003.jpg.chip.jpg
1,25,0,25_0_2_20170117195218570.jpg.chip.jpg
1,26,0,26_0_3_20170119180329325.jpg.chip.jpg
1,24,0,24_0_1_20170117150107644.jpg.chip.jpg
1,28,0,28_0_3_20170104220258078.jpg.chip.jpg
1,18,0,18_0_0_20170117135727463.jpg.chip.jpg
1,22,0,22_0_1_20170113133332897.jpg.chip.jpg
1,28,0,28_0_1_20170117202336846.jpg.chip.jpg
1,21,0,21_0_1_20170113133115864.jpg.chip.jpg
1,21,0,21_0_4_20161223214826657.jpg.chip.jpg
1,25,0,25_0_1_20170113150701015.jpg.chip.jpg
1,20,0,20_0_0_20170116205342932.jpg.chip.jpg
1,24,0,24_0_3_20170119150647534.jpg.chip.jpg
1,26,0,26_0_0_20170113210126312.jpg.chip.jpg
1,18,0,18_0_0_20170110231845000.jpg.chip.jpg
1,26,0,26_0_1_20170116192814189.jpg.chip.jpg
1,27,0,27_0_1_20170116001407357.jpg.chip.jpg
1,21,0,21_0_0_20170104230059401.jpg.chip.jpg
1,26,0,26_0_3_20170119164220254.jpg.chip.jpg
1,25,0,25_0_0_20170116223144178.jpg.chip.jpg
1,26,0,26_0_3_20170119180514197.jpg.chip.jpg
1,28,0,28_0_2_20170116172213528.jpg.chip.jpg
1,24,0,24_0_4_20170117194332787.jpg.chip.jpg
1,26,0,26_0_1_20170116193423469.jpg.chip.jpg
1,22,1,22_1_2_20170116162522559.jpg.chip.jpg
1,26,1,26_1_1_20170116011427995.jpg.chip.jpg
1,21,1,21_1_3_20170117142617306.jpg.chip.jpg
1,26,1,26_1_3_20170119163652438.jpg.chip.jpg
1,23,1,23_1_1_20170114024652649.jpg.chip.jpg
1,26,1,26_1_4_20170117174023997.jpg.chip.jpg
1,25,1,25_1_2_20170116175245111.jpg.chip.jpg
1,26,1,26_1_0_20170104022111485.jpg.chip.jpg
1,27,1,27_1_3_20170119155634673.jpg.chip.jpg
1,24,1,24_1_3_20170119171109382.jpg.chip.jpg
1,28,1,28_1_0_20170116000542977.jpg.chip.jpg
1,26,1,26_1_0_20170116021541440.jpg.chip.jpg
1,28,1,28_1_2_20170104023041166.jpg.chip.jpg
1,26,1,26_1_0_20170116170915992.jpg.chip.jpg
1,27,1,27_1_0_20170104021653885.jpg.chip.jpg
1,24,1,24_1_2_20170116165633882.jpg.chip.jpg
1,26,1,26_1_1_20170116232550099.jpg.chip.jpg
1,22,1,22_1_0_20170112233719345.jpg.chip.jpg
1,25,1,25_1_3_20170119171211913.jpg.chip.jpg
1,26,1,26_1_1_20170116154712959.jpg.chip.jpg
1,26,1,26_1_1_20170116013104528.jpg.chip.jpg
1,24,1,24_1_3_20170117150411539.jpg.chip.jpg
1,26,1,26_1_1_20170117174033437.jpg.chip.jpg
1,24,1,24_1_1_20170116222611638.jpg.chip.jpg
1,27,1,27_1_2_20170116171716287.jpg.chip.jpg
1,26,1,26_1_1_20170112213442439.jpg.chip.jpg
1,23,1,23_1_3_20170117144123778.jpg.chip.jpg
1,27,1,27_1_4_20170103182145377.jpg.chip.jpg
1,28,1,28_1_0_20170117122004211.jpg.chip.jpg
1,25,1,25_1_0_20170117195321747.jpg.chip.jpg
1,24,1,24_1_4_20170117150635877.jpg.chip.jpg
1,20,1,20_1_4_20170103225040370.jpg.chip.jpg
1,26,1,26_1_0_20170116184837899.jpg.chip.jpg
1,18,1,18_1_2_20170104020428878.jpg.chip.jpg
1,26,1,26_1_4_20170117174327119.jpg.chip.jpg
1,28,1,28_1_2_20170116164331837.jpg.chip.jpg
1,25,1,25_1_3_20170104231534609.jpg.chip.jpg
1,28,1,28_1_3_20170117183503510.jpg.chip.jpg
1,28,1,28_1_1_20170117022248705.jpg.chip.jpg
1,26,1,26_1_3_20170104215610550.jpg.chip.jpg
1,18,1,18_1_0_20170109213931089.jpg.chip.jpg
1,25,1,25_1_1_20170117014005144.jpg.chip.jpg
1,24,1,24_1_1_20170113011327776.jpg.chip.jpg
1,25,1,25_1_0_20170119172033312.jpg.chip.jpg
1,22,1,22_1_3_20170119163331125.jpg.chip.jpg
1,26,1,26_1_2_20170116184639426.jpg.chip.jpg
1,26,1,26_1_3_20170119192426755.jpg.chip.jpg
1,26,1,26_1_0_20170113001701275.jpg.chip.jpg
1,29,1,29_1_1_20170116023632884.jpg.chip.jpg
1,18,1,18_1_0_20170109212956509.jpg.chip.jpg
1,18,1,18_1_0_20170109214610454.jpg.chip.jpg
1,25,1,25_1_1_20170116175304948.jpg.chip.jpg
1,20,1,20_1_1_20170116215855605.jpg.chip.jpg
1,29,1,29_1_2_20170116163011756.jpg.chip.jpg
1,21,1,21_1_1_20170112202838467.jpg.chip.jpg
1,27,1,27_1_2_20170116165546386.jpg.chip.jpg
1,26,1,26_1_3_20170119193127730.jpg.chip.jpg
1,25,1,25_1_1_20170116003311354.jpg.chip.jpg
1,24,1,24_1_2_20170116173405460.jpg.chip.jpg
1,24,1,24_1_0_20170116205746244.jpg.chip.jpg
1,24,1,24_1_0_20170116000527997.jpg.chip.jpg
1,26,1,26_1_3_20170119193138609.jpg.chip.jpg
1,28,1,28_1_4_20170109003009492.jpg.chip.jpg
1,23,1,23_1_1_20170117194137453.jpg.chip.jpg
1,29,1,29_1_2_20170116220847352.jpg.chip.jpg
1,26,1,26_1_2_20170104022833734.jpg.chip.jpg
1,18,1,18_1_3_20170119155644533.jpg.chip.jpg
1,20,1,20_1_0_20170109212911927.jpg.chip.jpg
1,29,1,29_1_4_20170117202704359.jpg.chip.jpg
1,26,1,26_1_2_20170116180254435.jpg.chip.jpg
1,23,1,23_1_2_20170116173159012.jpg.chip.jpg
1,29,1,29_1_2_20170104023153742.jpg.chip.jpg
1,28,1,28_1_1_20170112220128599.jpg.chip.jpg
1,19,1,19_1_0_20170103201812887.jpg.chip.jpg
1,21,1,21_1_2_20170116175226250.jpg.chip.jpg
1,29,1,29_1_1_20170116003347103.jpg.chip.jpg
1,26,1,26_1_3_20170104232518026.jpg.chip.jpg
1,26,1,26_1_0_20170117174148184.jpg.chip.jpg
1,26,1,26_1_3_20170117174016693.jpg.chip.jpg
1,27,1,27_1_1_20170112231931030.jpg.chip.jpg
1,25,1,25_1_3_20170104222454999.jpg.chip.jpg
1,26,1,26_1_4_20170117201058830.jpg.chip.jpg
1,26,1,26_1_3_20170104222745511.jpg.chip.jpg
1,19,1,19_1_3_20170104231315881.jpg.chip.jpg
1,25,1,25_1_4_20170103230205288.jpg.chip.jpg
1,25,1,25_1_4_20170103224747408.jpg.chip.jpg
1,22,1,22_1_0_20170104021327948.jpg.chip.jpg
1,22,1,22_1_2_20170104021344006.jpg.chip.jpg
1,28,1,28_1_2_20170116170937606.jpg.chip.jpg
1,21,1,21_1_3_20170104231602346.jpg.chip.jpg
1,26,1,26_1_2_20170116184044516.jpg.chip.jpg
1,28,1,28_1_0_20170112235158504.jpg.chip.jpg
1,20,1,20_1_0_20170103175636647.jpg.chip.jpg
1,25,1,25_1_0_20170116223850990.jpg.chip.jpg
1,26,1,26_1_3_20170119180945883.jpg.chip.jpg
1,23,1,23_1_2_20170116173157614.jpg.chip.jpg
1,28,1,28_1_1_20170116215513416.jpg.chip.jpg
1,26,1,26_1_3_20170117173846653.jpg.chip.jpg
1,25,1,25_1_1_20170117125908204.jpg.chip.jpg
1,18,1,18_1_0_20170109214122492.jpg.chip.jpg
1,22,1,22_1_2_20170114033415747.jpg.chip.jpg
1,26,1,26_1_1_20170116014015136.jpg.chip.jpg
1,26,1,26_1_1_20170112213253821.jpg.chip.jpg
1,24,1,24_1_2_20170116173550213.jpg.chip.jpg
1,24,1,24_1_3_20170117150733821.jpg.chip.jpg
1,24,1,24_1_1_20170113013149199.jpg.chip.jpg
1,24,1,24_1_4_20170103234017197.jpg.chip.jpg
1,20,1,20_1_3_20170104231456714.jpg.chip.jpg
1,24,1,24_1_2_20170117194935363.jpg.chip.jpg
1,26,1,26_1_1_20170116232330694.jpg.chip.jpg
1,25,1,25_1_1_20170117142659506.jpg.chip.jpg
1,26,1,26_1_0_20170117152442875.jpg.chip.jpg
1,25,1,25_1_0_20170116205342932.jpg.chip.jpg
1,28,1,28_1_3_20170104231433217.jpg.chip.jpg
1,28,1,28_1_1_20170113012541073.jpg.chip.jpg
1,26,1,26_1_1_20170112210754466.jpg.chip.jpg
1,20,1,20_1_1_20170112230604949.jpg.chip.jpg
1,25,1,25_1_2_20161219194415803.jpg.chip.jpg
1,22,1,22_1_0_20170116205812305.jpg.chip.jpg
1,18,1,18_1_0_20170109212417557.jpg.chip.jpg
1,22,1,22_1_1_20170113010332246.jpg.chip.jpg
1,26,1,26_1_1_20170117153641469.jpg.chip.jpg
1,22,1,22_1_1_20170116162315750.jpg.chip.jpg
1,26,1,26_1_4_20170117200105003.jpg.chip.jpg
1,28,1,28_1_1_20170113003529300.jpg.chip.jpg
1,26,1,26_1_0_20170103182456297.jpg.chip.jpg
1,28,1,28_1_2_20170116162424590.jpg.chip.jpg
1,28,1,28_1_2_20170116163016525.jpg.chip.jpg
1,23,1,23_1_4_20170103223554895.jpg.chip.jpg
1,26,1,26_1_1_20170112213024014.jpg.chip.jpg
1,26,1,26_1_2_20170116180824329.jpg.chip.jpg
1,22,1,22_1_2_20170116172713575.jpg.chip.jpg
1,26,1,26_1_2_20170116184235976.jpg.chip.jpg
1,26,1,26_1_1_20170116160229813.jpg.chip.jpg
1,26,1,26_1_0_20170117172636235.jpg.chip.jpg
1,24,1,24_1_2_20170116171513182.jpg.chip.jpg
1,23,1,23_1_4_20170103223618431.jpg.chip.jpg
1,26,1,26_1_0_20170117001335885.jpg.chip.jpg
1,19,1,19_1_1_20170113012937783.jpg.chip.jpg
1,22,1,22_1_2_20170116184716890.jpg.chip.jpg
1,25,1,25_1_0_20170104023032454.jpg.chip.jpg
1,26,1,26_1_2_20170116184250474.jpg.chip.jpg
1,26,1,26_1_1_20170112213448336.jpg.chip.jpg
1,26,1,26_1_4_20161221193701030.jpg.chip.jpg
1,26,1,26_1_4_20170117201501054.jpg.chip.jpg
1,28,1,28_1_4_20170104165215184.jpg.chip.jpg
1,24,1,24_1_0_20170116222936821.jpg.chip.jpg
1,29,1,29_1_4_20170103230245713.jpg.chip.jpg
1,24,1,24_1_3_20170104222339654.jpg.chip.jpg
1,18,1,18_1_2_20170109213157620.jpg.chip.jpg
1,18,1,18_1_1_20170109212540841.jpg.chip.jpg
1,26,1,26_1_0_20170103180235712.jpg.chip.jpg
1,27,1,27_1_2_20170116173022576.jpg.chip.jpg
1,26,1,26_1_1_20170113011732808.jpg.chip.jpg
1,23,1,23_1_1_20170117195235676.jpg.chip.jpg
1,22,1,22_1_0_20170117141131710.jpg.chip.jpg
1,24,1,24_1_3_20170104222753607.jpg.chip.jpg
1,28,1,28_1_1_20170113001154099.jpg.chip.jpg
1,28,1,28_1_2_20170116172552663.jpg.chip.jpg
1,26,1,26_1_3_20170119180229629.jpg.chip.jpg
1,25,1,25_1_1_20170116001945041.jpg.chip.jpg
1,26,1,26_1_1_20170112224805692.jpg.chip.jpg
1,28,1,28_1_2_20170116165935678.jpg.chip.jpg
1,28,1,28_1_4_20170117143635625.jpg.chip.jpg
1,26,1,26_1_0_20170104165749289.jpg.chip.jpg
1,26,1,26_1_1_20170116014143675.jpg.chip.jpg
1,28,1,28_1_0_20170116221840111.jpg.chip.jpg
1,29,1,29_1_2_20170116191210967.jpg.chip.jpg
1,26,1,26_1_0_20170117152955925.jpg.chip.jpg
1,22,1,22_1_0_20170117193908380.jpg.chip.jpg
1,27,1,27_1_1_20170112203947771.jpg.chip.jpg
1,26,1,26_1_1_20170116232709732.jpg.chip.jpg
1,20,1,20_1_0_20170104020801388.jpg.chip.jpg
1,25,1,25_1_0_20170103180657288.jpg.chip.jpg
1,23,1,23_1_2_20170116173057476.jpg.chip.jpg
1,29,1,29_1_1_20170113012615177.jpg.chip.jpg
1,21,1,21_1_1_20170112233312848.jpg.chip.jpg
1,21,1,21_1_4_20170103233924667.jpg.chip.jpg
1,25,1,25_1_0_20170117140853353.jpg.chip.jpg
1,28,1,28_1_1_20170116000515902.jpg.chip.jpg
1,24,1,24_1_2_20170116174420253.jpg.chip.jpg
1,24,1,24_1_2_20170116174418910.jpg.chip.jpg
1,26,1,26_1_2_20170116180828579.jpg.chip.jpg
1,24,1,24_1_2_20170116165442037.jpg.chip.jpg
1,26,1,26_1_1_20170116232808475.jpg.chip.jpg
1,24,1,24_1_0_20170117150813388.jpg.chip.jpg
1,27,1,27_1_0_20170116201204900.jpg.chip.jpg
1,23,1,23_1_3_20170119164504597.jpg.chip.jpg
1,24,1,24_1_0_20170119170936274.jpg.chip.jpg
1,26,1,26_1_3_20170119155434898.jpg.chip.jpg
1,24,1,24_1_0_20170117191400699.jpg.chip.jpg
1,27,1,27_1_3_20170104232751618.jpg.chip.jpg
1,25,1,25_1_2_20170117022422149.jpg.chip.jpg
1,21,1,21_1_1_20170117193838829.jpg.chip.jpg
1,29,1,29_1_0_20170116180417150.jpg.chip.jpg
1,19,1,19_1_0_20170105183247775.jpg.chip.jpg
1,26,1,26_1_3_20170119193128490.jpg.chip.jpg
1,29,1,29_1_2_20170116162958843.jpg.chip.jpg
1,25,1,25_1_4_20161221193646742.jpg.chip.jpg
1,26,1,26_1_0_20170112235918563.jpg.chip.jpg
1,24,1,24_1_2_20170116170010620.jpg.chip.jpg
1,25,1,25_1_1_20170112233635032.jpg.chip.jpg
1,26,1,26_1_3_20170104235421282.jpg.chip.jpg
1,20,1,20_1_1_20170113005503503.jpg.chip.jpg
1,24,1,24_1_3_20170119171101656.jpg.chip.jpg
1,26,1,26_1_1_20170116223115624.jpg.chip.jpg
1,23,1,23_1_2_20170104021026844.jpg.chip.jpg
1,24,1,24_1_1_20170116222720224.jpg.chip.jpg
1,27,1,27_1_0_20170103180510792.jpg.chip.jpg
1,27,1,27_1_0_20170117010411661.jpg.chip.jpg
1,26,1,26_1_0_20170109002602686.jpg.chip.jpg
1,26,1,26_1_4_20170103225117416.jpg.chip.jpg
1,21,1,21_1_1_20170114032208983.jpg.chip.jpg
1,21,1,21_1_1_20170112231637574.jpg.chip.jpg
1,26,1,26_1_0_20170116173105204.jpg.chip.jpg
1,24,1,24_1_2_20170116171543349.jpg.chip.jpg
1,27,1,27_1_2_20170116171519019.jpg.chip.jpg
1,24,1,24_1_2_20170116174612535.jpg.chip.jpg
1,28,1,28_1_2_20170104022917342.jpg.chip.jpg
1,25,1,25_1_2_20170116175237465.jpg.chip.jpg
1,29,1,29_1_0_20170117174858696.jpg.chip.jpg
1,25,1,25_1_0_20170109213232182.jpg.chip.jpg
1,18,1,18_1_0_20170109213933756.jpg.chip.jpg
1,28,1,28_1_0_20170103182242233.jpg.chip.jpg
1,28,1,28_1_1_20170112210934053.jpg.chip.jpg
1,25,1,25_1_0_20170109214731480.jpg.chip.jpg
1,22,1,22_1_1_20170105183837056.jpg.chip.jpg
1,23,1,23_1_0_20170116221827674.jpg.chip.jpg
1,26,1,26_1_0_20170117003247198.jpg.chip.jpg
1,24,1,24_1_0_20170117150853517.jpg.chip.jpg
1,27,1,27_1_0_20170105000743720.jpg.chip.jpg
1,27,1,27_1_2_20170116163645443.jpg.chip.jpg
1,26,1,26_1_3_20170119192546129.jpg.chip.jpg
1,27,1,27_1_1_20170112234022671.jpg.chip.jpg
1,26,1,26_1_1_20170117174116677.jpg.chip.jpg
1,29,1,29_1_2_20170104022649462.jpg.chip.jpg
1,25,1,25_1_2_20170116174820922.jpg.chip.jpg
1,26,1,26_1_3_20170117154940189.jpg.chip.jpg
1,21,1,21_1_2_20170103201741359.jpg.chip.jpg
1,29,1,29_1_2_20170107213800190.jpg.chip.jpg
1,24,1,24_1_4_20170117194809365.jpg.chip.jpg
2,35,0,35_0_3_20170119201222820.jpg.chip.jpg
2,37,0,37_0_0_20170117140102778.jpg.chip.jpg
2,35,0,35_0_0_20170117182945085.jpg.chip.jpg
2,35,0,35_0_0_20170117171451970.jpg.chip.jpg
2,34,0,34_0_3_20170119200816604.jpg.chip.jpg
2,35,0,35_0_1_20170117172007523.jpg.chip.jpg
2,30,0,30_0_2_20170116173655735.jpg.chip.jpg
2,34,0,34_0_3_20170119200717205.jpg.chip.jpg
2,32,0,32_0_0_20170117182429685.jpg.chip.jpg
2,36,0,36_0_1_20170116030116849.jpg.chip.jpg
2,34,0,34_0_0_20170117134856428.jpg.chip.jpg
2,35,0,35_0_1_20170117181203308.jpg.chip.jpg
2,36,0,36_0_3_20170119183044775.jpg.chip.jpg
2,31,0,31_0_1_20170116004652226.jpg.chip.jpg
2,36,0,36_0_4_20170117163456359.jpg.chip.jpg
2,34,0,34_0_1_20170117141530204.jpg.chip.jpg
2,35,0,35_0_2_20170117135233576.jpg.chip.jpg
2,32,0,32_0_0_20170105165141556.jpg.chip.jpg
2,30,0,30_0_0_20170120220636164.jpg.chip.jpg
2,39,0,39_0_3_20170119195343676.jpg.chip.jpg
2,30,0,30_0_2_20170116164436658.jpg.chip.jpg
2,34,0,34_0_0_20170117141513036.jpg.chip.jpg
2,30,0,30_0_0_20170116220957524.jpg.chip.jpg
2,36,0,36_0_0_20170104173002256.jpg.chip.jpg
2,36,0,36_0_3_20170119201743421.jpg.chip.jpg
2,35,0,35_0_1_20170117204330048.jpg.chip.jpg
2,32,0,32_0_1_20170113134404473.jpg.chip.jpg
2,35,0,35_0_3_20170117181837205.jpg.chip.jpg
2,30,0,30_0_0_20170117130638578.jpg.chip.jpg
2,35,0,35_0_0_20170117134941492.jpg.chip.jpg
2,39,0,39_0_3_20170119194650194.jpg.chip.jpg
2,39,0,39_0_3_20170104220730909.jpg.chip.jpg
2,35,0,35_0_1_20170113151604904.jpg.chip.jpg
2,32,0,32_0_0_20170116211639626.jpg.chip.jpg
2,36,0,36_0_1_20170112213546077.jpg.chip.jpg
2,37,0,37_0_0_20170117145704297.jpg.chip.jpg
2,37,0,37_0_3_20170119202301349.jpg.chip.jpg
2,32,0,32_0_0_20170117133445162.jpg.chip.jpg
2,35,0,35_0_3_20170119201343148.jpg.chip.jpg
2,36,0,36_0_1_20170113183054437.jpg.chip.jpg
2,36,0,36_0_1_20170116193844474.jpg.chip.jpg
2,35,0,35_0_0_20170117170757093.jpg.chip.jpg
2,31,0,31_0_0_20170117175719891.jpg.chip.jpg
2,32,0,32_0_1_20170117182408963.jpg.chip.jpg
2,33,0,33_0_1_20170113152629721.jpg.chip.jpg
2,32,0,32_0_2_20170104170204025.jpg.chip.jpg
2,35,0,35_0_0_20170117153823071.jpg.chip.jpg
2,35,0,35_0_0_20170117130045470.jpg.chip.jpg
2,37,0,37_0_1_20170113174433771.jpg.chip.jpg
2,37,0,37_0_3_20170119202304167.jpg.chip.jpg
2,37,0,37_0_0_20170116201223316.jpg.chip.jpg
2,31,0,31_0_1_20170116203409947.jpg.chip.jpg
2,37,0,37_0_2_20170119193347850.jpg.chip.jpg
2,36,0,36_0_3_20170117183310510.jpg.chip.jpg
2,38,0,38_0_4_20170104202009825.jpg.chip.jpg
2,36,0,36_0_1_20170116024228249.jpg.chip.jpg
2,34,0,34_0_0_20170105164139508.jpg.chip.jpg
2,31,0,31_0_0_20170109134322184.jpg.chip.jpg
2,39,0,39_0_1_20170117185039604.jpg.chip.jpg
2,33,0,33_0_0_20170117145924419.jpg.chip.jpg
2,39,0,39_0_3_20170119203939176.jpg.chip.jpg
2,36,0,36_0_3_20170117183130453.jpg.chip.jpg
2,31,0,31_0_0_20170117181559819.jpg.chip.jpg
2,37,0,37_0_1_20170116193808148.jpg.chip.jpg
2,32,0,32_0_4_20170117140137322.jpg.chip.jpg
2,32,0,32_0_1_20170113155305504.jpg.chip.jpg
2,38,0,38_0_0_20170104203131804.jpg.chip.jpg
2,35,0,35_0_1_20170113142101291.jpg.chip.jpg
2,35,0,35_0_1_20170120220430826.jpg.chip.jpg
2,30,0,30_0_1_20170117202910591.jpg.chip.jpg
2,30,0,30_0_1_20170117130022204.jpg.chip.jpg
2,30,0,30_0_0_20170117202947322.jpg.chip.jpg
2,31,0,31_0_0_20170116003010656.jpg.chip.jpg
2,38,0,38_0_0_20170103183142330.jpg.chip.jpg
2,37,0,37_0_0_20170104204438250.jpg.chip.jpg
2,30,0,30_0_0_20170117172014219.jpg.chip.jpg
2,30,0,30_0_3_20170119195801779.jpg.chip.jpg
2,30,0,30_0_1_20170117140615401.jpg.chip.jpg
2,39,0,39_0_1_20170116200533354.jpg.chip.jpg
2,30,0,30_0_0_20170117142934426.jpg.chip.jpg
2,31,0,31_0_1_20170117135536116.jpg.chip.jpg
2,31,0,31_0_1_20170113142511604.jpg.chip.jpg
2,35,0,35_0_1_20170117135116141.jpg.chip.jpg
2,39,0,39_0_3_20170119203753135.jpg.chip.jpg
2,30,0,30_0_0_20170117143256587.jpg.chip.jpg
2,32,0,32_0_0_20170111181750357.jpg.chip.jpg
2,31,0,31_0_3_20170104232701442.jpg.chip.jpg
2,34,0,34_0_1_20170113145505629.jpg.chip.jpg
2,31,0,31_0_0_20170117133148137.jpg.chip.jpg
2,30,0,30_0_3_20170119195811116.jpg.chip.jpg
2,33,0,33_0_4_20170117203909214.jpg.chip.jpg
2,35,0,35_0_1_20170113134711160.jpg.chip.jpg
2,35,0,35_0_1_20170117135244149.jpg.chip.jpg
2,35,0,35_0_0_20170113142115723.jpg.chip.jpg
2,38,0,38_0_1_20170113141744284.jpg.chip.jpg
2,32,0,32_0_0_20170104200937337.jpg.chip.jpg
2,35,0,35_0_1_20170117141825261.jpg.chip.jpg
2,32,0,32_0_2_20170116221122729.jpg.chip.jpg
2,39,0,39_0_2_20170104204728132.jpg.chip.jpg
2,30,0,30_0_2_20170116164401454.jpg.chip.jpg
2,35,0,35_0_0_20170105161456219.jpg.chip.jpg
2,38,0,38_0_0_20170116224644283.jpg.chip.jpg
2,34,0,34_0_1_20170113173021417.jpg.chip.jpg
2,37,0,37_0_3_20170117183422120.jpg.chip.jpg
2,31,0,31_0_3_20170119200050628.jpg.chip.jpg
2,30,0,30_0_0_20170117130637562.jpg.chip.jpg
2,35,0,35_0_4_20170117130521027.jpg.chip.jpg
2,35,0,35_0_0_20170116201425406.jpg.chip.jpg
2,36,0,36_0_0_20170104173019797.jpg.chip.jpg
2,35,0,35_0_2_20170116172921158.jpg.chip.jpg
2,31,0,31_0_0_20170117120944631.jpg.chip.jpg
2,35,0,35_0_0_20170117145856290.jpg.chip.jpg
2,35,0,35_0_3_20170119201215829.jpg.chip.jpg
2,30,0,30_0_2_20170116172833941.jpg.chip.jpg
2,36,0,36_0_4_20170117203502182.jpg.chip.jpg
2,32,0,32_0_0_20170117120718633.jpg.chip.jpg
2,32,0,32_0_0_20170117123734515.jpg.chip.jpg
2,34,0,34_0_0_20170117152424716.jpg.chip.jpg
2,32,0,32_0_4_20170104170351168.jpg.chip.jpg
2,35,0,35_0_1_20170117143139491.jpg.chip.jpg
2,35,0,35_0_1_20170117143358264.jpg.chip.jpg
2,33,0,33_0_3_20170117152711252.jpg.chip.jpg
2,35,0,35_0_0_20170117180543647.jpg.chip.jpg
2,38,0,38_0_1_20170113174624908.jpg.chip.jpg
2,35,0,35_0_4_20170116212042685.jpg.chip.jpg
2,30,0,30_0_0_20170120134248646.jpg.chip.jpg
2,36,0,36_0_0_20170117162433077.jpg.chip.jpg
2,35,0,35_0_4_20170117195110413.jpg.chip.jpg
2,34,0,34_0_1_20170113173645019.jpg.chip.jpg
2,37,0,37_0_0_20170109010719371.jpg.chip.jpg
2,31,0,31_0_0_20170117153916924.jpg.chip.jpg
2,36,0,36_0_0_20170117183111094.jpg.chip.jpg
2,35,1,35_1_4_20170117203828719.jpg.chip.jpg
2,31,1,31_1_4_20170103224732417.jpg.chip.jpg
2,37,1,37_1_1_20170116204841022.jpg.chip.jpg
2,30,1,30_1_2_20170117154700223.jpg.chip.jpg
2,32,1,32_1_0_20170117134808277.jpg.chip.jpg
2,32,1,32_1_0_20170116002157320.jpg.chip.jpg
2,30,1,30_1_0_20170117134355934.jpg.chip.jpg
2,35,1,35_1_3_20170119155040320.jpg.chip.jpg
2,35,1,35_1_0_20170116222948039.jpg.chip.jpg
2,36,1,36_1_1_20170116160832540.jpg.chip.jpg
2,32,1,32_1_0_20170104234949266.jpg.chip.jpg
2,32,1,32_1_1_20170113012739969.jpg.chip.jpg
2,36,1,36_1_0_20170110173815028.jpg.chip.jpg
2,37,1,37_1_1_20170105172932885.jpg.chip.jpg
2,35,1,35_1_4_20170117203429672.jpg.chip.jpg
2,36,1,36_1_0_20170113005733903.jpg.chip.jpg
2,33,1,33_1_1_20170114030609784.jpg.chip.jpg
2,36,1,36_1_4_20170112233252616.jpg.chip.jpg
2,32,1,32_1_2_20170116190137074.jpg.chip.jpg
2,34,1,34_1_1_20170116232159244.jpg.chip.jpg
2,36,1,36_1_1_20170112215406775.jpg.chip.jpg
2,37,1,37_1_0_20170119180110066.jpg.chip.jpg
2,31,1,31_1_3_20170104232529874.jpg.chip.jpg
2,36,1,36_1_3_20170119154411650.jpg.chip.jpg
2,38,1,38_1_0_20170117154129371.jpg.chip.jpg
2,39,1,39_1_3_20170104232838176.jpg.chip.jpg
2,32,1,32_1_3_20170119200442044.jpg.chip.jpg
2,35,1,35_1_0_20170117092628774.jpg.chip.jpg
2,35,1,35_1_4_20170117203924087.jpg.chip.jpg
2,34,1,34_1_0_20170117182633942.jpg.chip.jpg
2,35,1,35_1_0_20170117135400203.jpg.chip.jpg
2,31,1,31_1_0_20170117133119014.jpg.chip.jpg
2,35,1,35_1_1_20170112231632006.jpg.chip.jpg
2,35,1,35_1_0_20170113001200131.jpg.chip.jpg
2,31,1,31_1_1_20170117171933533.jpg.chip.jpg
2,31,1,31_1_0_20170103163445702.jpg.chip.jpg
2,30,1,30_1_0_20170103182254417.jpg.chip.jpg
2,32,1,32_1_1_20170113012735154.jpg.chip.jpg
2,32,1,32_1_0_20170111182452820.jpg.chip.jpg
2,30,1,30_1_0_20170117181115699.jpg.chip.jpg
2,34,1,34_1_0_20170105172420589.jpg.chip.jpg
2,39,1,39_1_0_20170103183200192.jpg.chip.jpg
2,32,1,32_1_0_20170109003522801.jpg.chip.jpg
2,32,1,32_1_0_20170112235000656.jpg.chip.jpg
2,32,1,32_1_2_20170116164625227.jpg.chip.jpg
2,36,1,36_1_1_20170117091644491.jpg.chip.jpg
2,31,1,31_1_1_20170112204529987.jpg.chip.jpg
2,30,1,30_1_1_20170112210433845.jpg.chip.jpg
2,30,1,30_1_1_20170112215039472.jpg.chip.jpg
2,31,1,31_1_1_20170113002013869.jpg.chip.jpg
2,30,1,30_1_0_20170105170137612.jpg.chip.jpg
2,34,1,34_1_0_20170117180013755.jpg.chip.jpg
2,36,1,36_1_0_20170117183331622.jpg.chip.jpg
2,30,1,30_1_0_20170109012211696.jpg.chip.jpg
2,37,1,37_1_1_20170116021920799.jpg.chip.jpg
2,37,1,37_1_3_20170109131834447.jpg.chip.jpg
2,34,1,34_1_0_20170119151149436.jpg.chip.jpg
2,39,1,39_1_3_20170104235854833.jpg.chip.jpg
2,35,1,35_1_2_20170116191223232.jpg.chip.jpg
2,30,1,30_1_2_20170116192527784.jpg.chip.jpg
2,35,1,35_1_2_20170116175203095.jpg.chip.jpg
2,36,1,36_1_1_20170112224156660.jpg.chip.jpg
2,36,1,36_1_0_20170117183349582.jpg.chip.jpg
2,30,1,30_1_2_20170119150857103.jpg.chip.jpg
2,36,1,36_1_1_20170116014023777.jpg.chip.jpg
2,30,1,30_1_0_20170117122000135.jpg.chip.jpg
2,38,1,38_1_0_20170103163517069.jpg.chip.jpg
2,38,1,38_1_0_20170117184753856.jpg.chip.jpg
2,35,1,35_1_1_20170117154115861.jpg.chip.jpg
2,33,1,33_1_0_20170117174746798.jpg.chip.jpg
2,32,1,32_1_0_20170117182539124.jpg.chip.jpg
2,35,1,35_1_0_20170117191417058.jpg.chip.jpg
2,30,1,30_1_0_20170104234753946.jpg.chip.jpg
2,31,1,31_1_0_20170103163117935.jpg.chip.jpg
2,30,1,30_1_2_20170104021619821.jpg.chip.jpg
2,35,1,35_1_0_20170117192047033.jpg.chip.jpg
2,35,1,35_1_2_20170116191840543.jpg.chip.jpg
2,38,1,38_1_1_20170116175444213.jpg.chip.jpg
2,36,1,36_1_1_20170116234813239.jpg.chip.jpg
2,35,1,35_1_0_20170117092205487.jpg.chip.jpg
2,38,1,38_1_1_20170104234648395.jpg.chip.jpg
2,30,1,30_1_0_20170117143857490.jpg.chip.jpg
2,36,1,36_1_1_20170116165713429.jpg.chip.jpg
2,32,1,32_1_1_20170117140852897.jpg.chip.jpg
2,33,1,33_1_0_20170116205749382.jpg.chip.jpg
2,37,1,37_1_0_20170117160416815.jpg.chip.jpg
2,38,1,38_1_4_20170104183653741.jpg.chip.jpg
2,38,1,38_1_0_20170104235617475.jpg.chip.jpg
2,35,1,35_1_3_20170117143024930.jpg.chip.jpg
2,32,1,32_1_1_20170116234627342.jpg.chip.jpg
2,31,1,31_1_2_20170116191359803.jpg.chip.jpg
2,36,1,36_1_0_20170109141845861.jpg.chip.jpg
2,32,1,32_1_0_20170116221804392.jpg.chip.jpg
2,35,1,35_1_2_20170116191706178.jpg.chip.jpg
2,36,1,36_1_0_20170113000608163.jpg.chip.jpg
2,38,1,38_1_3_20170105002602973.jpg.chip.jpg
2,35,1,35_1_0_20170117170314803.jpg.chip.jpg
2,36,1,36_1_3_20161220221952627.jpg.chip.jpg
2,36,1,36_1_1_20170117141102516.jpg.chip.jpg
2,35,1,35_1_0_20170117135241435.jpg.chip.jpg
2,30,1,30_1_0_20170104165921257.jpg.chip.jpg
2,33,1,33_1_0_20170117174817183.jpg.chip.jpg
2,36,1,36_1_3_20170119191859753.jpg.chip.jpg
2,33,1,33_1_1_20170113000848177.jpg.chip.jpg
2,35,1,35_1_0_20170109141753176.jpg.chip.jpg
2,35,1,35_1_0_20170117183012966.jpg.chip.jpg
2,30,1,30_1_4_20170117203559144.jpg.chip.jpg
2,35,1,35_1_3_20170104231848138.jpg.chip.jpg
2,31,1,31_1_1_20170117094849113.jpg.chip.jpg
3,48,0,48_0_0_20170116233057278.jpg.chip.jpg
3,40,0,40_0_3_20170117194103620.jpg.chip.jpg
3,44,0,44_0_0_20170109002148152.jpg.chip.jpg
3,42,0,42_0_0_20170117154747738.jpg.chip.jpg
3,42,0,42_0_0_20170117154802006.jpg.chip.jpg
3,40,0,40_0_1_20170117170640870.jpg.chip.jpg
3,47,0,47_0_1_20170117172552003.jpg.chip.jpg
3,41,0,41_0_0_20170104204845308.jpg.chip.jpg
3,45,0,45_0_0_20170117191748012.jpg.chip.jpg
3,45,0,45_0_0_20170117165202100.jpg.chip.jpg
3,40,0,40_0_4_20170108231125827.jpg.chip.jpg
3,43,0,43_0_0_20170117185833850.jpg.chip.jpg
3,42,0,42_0_2_20170104192610039.jpg.chip.jpg
3,45,0,45_0_3_20170119202720533.jpg.chip.jpg
3,48,0,48_0_2_20170117160518496.jpg.chip.jpg
3,45,0,45_0_3_20170119200329836.jpg.chip.jpg
3,45,0,45_0_0_20170117185722081.jpg.chip.jpg
3,46,0,46_0_1_20170117183456244.jpg.chip.jpg
3,48,0,48_0_4_20170104211610652.jpg.chip.jpg
3,41,0,41_0_3_20170109140906863.jpg.chip.jpg
3,46,0,46_0_3_20170119202242015.jpg.chip.jpg
3,45,0,45_0_2_20170112214906872.jpg.chip.jpg
3,41,0,41_0_0_20170116202014245.jpg.chip.jpg
3,42,0,42_0_0_20170117135635200.jpg.chip.jpg
3,40,0,40_0_3_20170117154907806.jpg.chip.jpg
3,49,0,49_0_0_20170104212123348.jpg.chip.jpg
3,44,0,44_0_3_20170119195204451.jpg.chip.jpg
3,45,0,45_0_3_20170119195305345.jpg.chip.jpg
3,42,0,42_0_1_20170113190548728.jpg.chip.jpg
3,41,0,41_0_1_20170113190547009.jpg.chip.jpg
3,42,0,42_0_0_20170117171657481.jpg.chip.jpg
3,45,0,45_0_4_20170120134936535.jpg.chip.jpg
3,42,0,42_0_0_20170117171624633.jpg.chip.jpg
3,45,0,45_0_0_20170117204042912.jpg.chip.jpg
3,42,0,42_0_0_20170105163508427.jpg.chip.jpg
3,49,0,49_0_1_20170116191717345.jpg.chip.jpg
3,41,0,41_0_0_20170109002859574.jpg.chip.jpg
3,47,0,47_0_0_20170103183528850.jpg.chip.jpg
3,42,0,42_0_1_20170116193736397.jpg.chip.jpg
3,47,0,47_0_4_20170104210453028.jpg.chip.jpg
3,40,0,40_0_3_20170119204122502.jpg.chip.jpg
3,40,0,40_0_0_20170116235733229.jpg.chip.jpg
3,47,0,47_0_3_20170119184351798.jpg.chip.jpg
3,45,0,45_0_0_20170117204039713.jpg.chip.jpg
3,49,0,49_0_1_20170113142200613.jpg.chip.jpg
3,40,0,40_0_0_20170113210126285.jpg.chip.jpg
3,48,0,48_0_0_20170113183719446.jpg.chip.jpg
3,42,0,42_0_2_20170104165448593.jpg.chip.jpg
3,45,0,45_0_4_20170117203306895.jpg.chip.jpg
3,45,0,45_0_2_20170105173303117.jpg.chip.jpg
3,40,0,40_0_0_20170117203820721.jpg.chip.jpg
3,49,0,49_0_0_20170117160559335.jpg.chip.jpg
3,42,0,42_0_1_20170111200932454.jpg.chip.jpg
3,46,0,46_0_0_20170104205716579.jpg.chip.jpg
3,44,0,44_0_3_20170119200511259.jpg.chip.jpg
3,47,0,47_0_0_20170105173121444.jpg.chip.jpg
3,45,0,45_0_3_20170119204212534.jpg.chip.jpg
3,45,0,45_0_0_20170117135103724.jpg.chip.jpg
3,40,0,40_0_3_20170117131047444.jpg.chip.jpg
3,42,0,42_0_0_20170117185635954.jpg.chip.jpg
3,45,0,45_0_0_20170120220923483.jpg.chip.jpg
3,45,0,45_0_3_20170119180924508.jpg.chip.jpg
3,40,0,40_0_0_20170104205037859.jpg.chip.jpg
3,44,0,44_0_3_20170119165814423.jpg.chip.jpg
3,45,0,45_0_4_20170104200726522.jpg.chip.jpg
3,47,0,47_0_3_20170119175043787.jpg.chip.jpg
3,48,0,48_0_0_20170111200118842.jpg.chip.jpg
3,40,0,40_0_0_20170117131053164.jpg.chip.jpg
3,40,0,40_0_1_20170113135553050.jpg.chip.jpg
3,45,0,45_0_3_20170119201255635.jpg.chip.jpg
3,40,0,40_0_3_20170104214526773.jpg.chip.jpg
3,47,0,47_0_0_20170119205119560.jpg.chip.jpg
3,45,0,45_0_3_20170119202703548.jpg.chip.jpg
3,42,0,42_0_3_20170119204431257.jpg.chip.jpg
3,47,0,47_0_3_20170119205155167.jpg.chip.jpg
3,48,0,48_0_4_20170117204131728.jpg.chip.jpg
3,46,0,46_0_3_20170119200749075.jpg.chip.jpg
3,45,0,45_0_3_20170119201120877.jpg.chip.jpg
3,45,0,45_0_0_20170117172129436.jpg.chip.jpg
3,47,0,47_0_0_20170103183440186.jpg.chip.jpg
3,41,0,41_0_0_20170104200612385.jpg.chip.jpg
3,42,1,42_1_3_20170104220806510.jpg.chip.jpg
3,42,1,42_1_0_20170111182452884.jpg.chip.jpg
3,40,1,40_1_0_20170117160718607.jpg.chip.jpg
3,49,1,49_1_0_20170105173159405.jpg.chip.jpg
3,43,1,43_1_3_20170104232218274.jpg.chip.jpg
3,41,1,41_1_0_20170104170026513.jpg.chip.jpg
3,45,1,45_1_0_20170109135632551.jpg.chip.jpg
3,48,1,48_1_1_20170110120129624.jpg.chip.jpg
3,47,1,47_1_3_20170119200858036.jpg.chip.jpg
3,49,1,49_1_0_20170117160607343.jpg.chip.jpg
3,43,1,43_1_0_20170119155553251.jpg.chip.jpg
3,49,1,49_1_0_20170111182452933.jpg.chip.jpg
3,40,1,40_1_3_20170117180026300.jpg.chip.jpg
3,49,1,49_1_3_20170104231642491.jpg.chip.jpg
3,43,1,43_1_0_20170105172627988.jpg.chip.jpg
3,42,1,42_1_2_20170104201224233.jpg.chip.jpg
3,46,1,46_1_0_20170109220530862.jpg.chip.jpg
3,40,1,40_1_1_20170113190338056.jpg.chip.jpg
3,45,1,45_1_0_20170103183902347.jpg.chip.jpg
3,41,1,41_1_0_20170105172643292.jpg.chip.jpg
3,42,1,42_1_1_20170113001251739.jpg.chip.jpg
3,41,1,41_1_4_20170116001848468.jpg.chip.jpg
3,45,1,45_1_0_20170117200902766.jpg.chip.jpg
3,45,1,45_1_1_20170113012310351.jpg.chip.jpg
3,46,1,46_1_0_20170119192512353.jpg.chip.jpg
3,49,1,49_1_0_20170111182452938.jpg.chip.jpg
3,47,1,47_1_0_20170109220604136.jpg.chip.jpg
3,46,1,46_1_1_20170117155904640.jpg.chip.jpg
3,49,1,49_1_3_20170119201515853.jpg.chip.jpg
3,42,1,42_1_0_20170117204000071.jpg.chip.jpg
3,41,1,41_1_3_20170105001059203.jpg.chip.jpg
3,42,1,42_1_2_20170107213350336.jpg.chip.jpg
3,43,1,43_1_3_20170119195521961.jpg.chip.jpg
3,48,1,48_1_1_20170113001756978.jpg.chip.jpg
3,41,1,41_1_0_20170104171619994.jpg.chip.jpg
3,46,1,46_1_0_20170120133524101.jpg.chip.jpg
3,43,1,43_1_4_20170117174415686.jpg.chip.jpg
3,40,1,40_1_2_20170116164709968.jpg.chip.jpg
3,47,1,47_1_0_20170109012509904.jpg.chip.jpg
4,54,0,54_0_0_20170111195744986.jpg.chip.jpg
4,52,0,52_0_1_20170111200619762.jpg.chip.jpg
4,54,0,54_0_2_20170116193514951.jpg.chip.jpg
4,56,0,56_0_1_20170113174604139.jpg.chip.jpg
4,51,0,51_0_4_20170104210348196.jpg.chip.jpg
4,55,0,55_0_3_20170119205116040.jpg.chip.jpg
4,53,0,53_0_0_20170111202020510.jpg.chip.jpg
4,58,0,58_0_3_20170119211659305.jpg.chip.jpg
4,58,0,58_0_0_20170117191836212.jpg.chip.jpg
4,54,0,54_0_0_20170104213140733.jpg.chip.jpg
4,54,0,54_0_2_20170116193435159.jpg.chip.jpg
4,55,0,55_0_0_20170117191622249.jpg.chip.jpg
4,58,0,58_0_0_20170117153829116.jpg.chip.jpg
4,56,0,56_0_0_20170117000257766.jpg.chip.jpg
4,55,0,55_0_0_20170117155215077.jpg.chip.jpg
4,55,0,55_0_3_20170119171830808.jpg.chip.jpg
4,50,0,50_0_3_20170119203956223.jpg.chip.jpg
4,53,0,53_0_0_20170104184152541.jpg.chip.jpg
4,59,0,59_0_4_20170117172237604.jpg.chip.jpg
4,55,0,55_0_0_20170117155144918.jpg.chip.jpg
4,55,0,55_0_0_20170104212840141.jpg.chip.jpg
4,51,0,51_0_3_20170119175402515.jpg.chip.jpg
4,50,0,50_0_0_20170117151732148.jpg.chip.jpg
4,58,0,58_0_0_20170117173315296.jpg.chip.jpg
4,54,0,54_0_0_20170117163742346.jpg.chip.jpg
4,56,0,56_0_2_20170111202058310.jpg.chip.jpg
4,50,0,50_0_2_20170109012247365.jpg.chip.jpg
4,58,0,58_0_0_20170117160230063.jpg.chip.jpg
4,51,0,51_0_0_20170109012434913.jpg.chip.jpg
4,55,0,55_0_0_20170120140655585.jpg.chip.jpg
4,54,0,54_0_0_20170105164001139.jpg.chip.jpg
4,55,0,55_0_0_20170120222359871.jpg.chip.jpg
4,58,0,58_0_0_20170104213234525.jpg.chip.jpg
4,58,0,58_0_2_20170104213251605.jpg.chip.jpg
4,55,0,55_0_3_20170119201213412.jpg.chip.jpg
4,56,0,56_0_0_20170111203109091.jpg.chip.jpg
4,56,0,56_0_1_20170120222838627.jpg.chip.jpg
4,54,0,54_0_1_20170113151911864.jpg.chip.jpg
4,57,0,57_0_0_20170109012626427.jpg.chip.jpg
4,50,0,50_0_0_20170104210147596.jpg.chip.jpg
4,52,0,52_0_3_20170119200259595.jpg.chip.jpg
4,55,0,55_0_1_20170117170627262.jpg.chip.jpg
4,58,0,58_0_0_20170111205913082.jpg.chip.jpg
4,59,0,59_0_0_20170111205324096.jpg.chip.jpg
4,54,0,54_0_1_20170113185033415.jpg.chip.jpg
4,50,0,50_0_0_20170117153725428.jpg.chip.jpg
4,50,0,50_0_0_20170104212134308.jpg.chip.jpg
4,56,0,56_0_0_20170109012151633.jpg.chip.jpg
4,59,0,59_0_0_20170116215844539.jpg.chip.jpg
4,55,0,55_0_0_20170117185713024.jpg.chip.jpg
4,56,0,56_0_0_20170111211219557.jpg.chip.jpg
4,54,0,54_0_3_20170119210005473.jpg.chip.jpg
4,50,0,50_0_0_20170117135317385.jpg.chip.jpg
4,56,0,56_0_3_20170117191908449.jpg.chip.jpg
4,56,0,56_0_3_20170119180731484.jpg.chip.jpg
4,58,0,58_0_3_20170119211546505.jpg.chip.jpg
4,58,0,58_0_0_20170120224603295.jpg.chip.jpg
4,56,0,56_0_3_20170105180548406.jpg.chip.jpg
4,53,0,53_0_1_20170117181950281.jpg.chip.jpg
4,58,0,58_0_3_20170112205528628.jpg.chip.jpg
4,58,0,58_0_0_20170117173237872.jpg.chip.jpg
4,58,0,58_0_0_20170109015209205.jpg.chip.jpg
4,58,0,58_0_0_20170104185312638.jpg.chip.jpg
4,52,0,52_0_0_20170104212337021.jpg.chip.jpg
4,59,0,59_0_0_20170111203716454.jpg.chip.jpg
4,56,0,56_0_0_20170120223128947.jpg.chip.jpg
4,58,0,58_0_4_20170104002248350.jpg.chip.jpg
4,51,0,51_0_0_20170111203742983.jpg.chip.jpg
4,53,0,53_0_1_20170116024724425.jpg.chip.jpg
4,58,0,58_0_0_20170120224601232.jpg.chip.jpg
4,54,0,54_0_0_20170117171516004.jpg.chip.jpg
4,50,0,50_0_0_20170116232754247.jpg.chip.jpg
4,58,0,58_0_3_20170119211548329.jpg.chip.jpg
4,52,0,52_0_0_20170104200739706.jpg.chip.jpg
4,56,0,56_0_0_20170119181226587.jpg.chip.jpg
4,56,0,56_0_3_20170119211644664.jpg.chip.jpg
4,50,0,50_0_0_20170117155052592.jpg.chip.jpg
4,54,0,54_0_1_20170117190009561.jpg.chip.jpg
4,55,0,55_0_3_20170119201108715.jpg.chip.jpg
4,54,0,54_0_0_20170109013346505.jpg.chip.jpg
4,54,0,54_0_0_20170117171109228.jpg.chip.jpg
4,58,0,58_0_3_20170112205533156.jpg.chip.jpg
4,56,0,56_0_0_20170113185134655.jpg.chip.jpg
4,54,0,54_0_3_20170119210131208.jpg.chip.jpg
4,54,0,54_0_3_20170119181142982.jpg.chip.jpg
4,55,0,55_0_3_20170119171706159.jpg.chip.jpg
4,54,0,54_0_3_20170119202510190.jpg.chip.jpg
4,56,0,56_0_0_20170117173922109.jpg.chip.jpg
4,53,1,53_1_0_20170117191020179.jpg.chip.jpg
4,54,1,54_1_1_20170112210508783.jpg.chip.jpg
4,53,1,53_1_0_20170109142039096.jpg.chip.jpg
4,53,1,53_1_0_20170109221042561.jpg.chip.jpg
4,51,1,51_1_0_20170117190835331.jpg.chip.jpg
4,59,1,59_1_0_20170105171834484.jpg.chip.jpg
4,51,1,51_1_4_20170103234622539.jpg.chip.jpg
4,53,1,53_1_0_20170116200916159.jpg.chip.jpg
4,52,1,52_1_0_20170109221054399.jpg.chip.jpg
4,50,1,50_1_0_20170117135347887.jpg.chip.jpg
4,56,1,56_1_0_20170110124233302.jpg.chip.jpg
4,56,1,56_1_0_20170110153005989.jpg.chip.jpg
4,54,1,54_1_0_20170110160643344.jpg.chip.jpg
4,53,1,53_1_0_20170117163713738.jpg.chip.jpg
4,52,1,52_1_0_20170103163625630.jpg.chip.jpg
4,55,1,55_1_0_20170117185946850.jpg.chip.jpg
4,59,1,59_1_0_20170110123116580.jpg.chip.jpg
4,54,1,54_1_0_20170117204606216.jpg.chip.jpg
4,53,1,53_1_0_20170108224819091.jpg.chip.jpg
4,58,1,58_1_0_20170117191846791.jpg.chip.jpg
4,52,1,52_1_0_20170108235321768.jpg.chip.jpg
4,53,1,53_1_0_20170110122130739.jpg.chip.jpg
4,54,1,54_1_3_20170117191109210.jpg.chip.jpg
4,51,1,51_1_1_20170110120110913.jpg.chip.jpg
4,53,1,53_1_4_20170117204305136.jpg.chip.jpg
4,59,1,59_1_0_20170110122554230.jpg.chip.jpg
4,53,1,53_1_0_20170109133404907.jpg.chip.jpg
4,58,1,58_1_0_20170110160643673.jpg.chip.jpg
4,59,1,59_1_0_20170110180108013.jpg.chip.jpg
4,56,1,56_1_3_20170119183420176.jpg.chip.jpg
4,53,1,53_1_0_20170105171816333.jpg.chip.jpg
4,56,1,56_1_3_20170119211416888.jpg.chip.jpg
4,55,1,55_1_0_20170117143101420.jpg.chip.jpg
5,68,0,68_0_0_20170105174949806.jpg.chip.jpg
5,60,0,60_0_2_20170116174336830.jpg.chip.jpg
5,65,0,65_0_1_20170117171258523.jpg.chip.jpg
5,67,0,67_0_0_20170113185523838.jpg.chip.jpg
5,63,0,63_0_0_20170111201901467.jpg.chip.jpg
5,60,0,60_0_0_20170111171747549.jpg.chip.jpg
5,65,0,65_0_3_20170119205206575.jpg.chip.jpg
5,62,0,62_0_1_20170116204827125.jpg.chip.jpg
5,68,0,68_0_0_20170111200803612.jpg.chip.jpg
5,68,0,68_0_0_20170104213159413.jpg.chip.jpg
5,61,0,61_0_1_20170113174636459.jpg.chip.jpg
5,69,0,69_0_1_20170117194929098.jpg.chip.jpg
5,64,0,64_0_0_20170120224704201.jpg.chip.jpg
5,64,0,64_0_0_20170104185632214.jpg.chip.jpg
5,66,0,66_0_0_20170104213607429.jpg.chip.jpg
5,68,0,68_0_0_20170117172643040.jpg.chip.jpg
5,63,0,63_0_0_20170105180938823.jpg.chip.jpg
5,61,0,61_0_3_20170109150814971.jpg.chip.jpg
5,62,0,62_0_0_20170105173715821.jpg.chip.jpg
5,67,0,67_0_0_20170104185241950.jpg.chip.jpg
5,61,0,61_0_0_20170117204809192.jpg.chip.jpg
5,68,0,68_0_0_20170109012554003.jpg.chip.jpg
5,61,0,61_0_0_20170111171747565.jpg.chip.jpg
5,68,0,68_0_0_20170117171408597.jpg.chip.jpg
5,64,0,64_0_1_20170117182526238.jpg.chip.jpg
5,65,0,65_0_0_20170117134804749.jpg.chip.jpg
5,61,0,61_0_3_20170104210003146.jpg.chip.jpg
5,62,0,62_0_0_20170104184818725.jpg.chip.jpg
5,65,0,65_0_1_20170117191903245.jpg.chip.jpg
5,63,0,63_0_0_20170117192213796.jpg.chip.jpg
5,65,0,65_0_0_20170117172713976.jpg.chip.jpg
5,65,0,65_0_0_20170120223009912.jpg.chip.jpg
5,65,0,65_0_1_20170117191610001.jpg.chip.jpg
5,61,0,61_0_0_20170117174636574.jpg.chip.jpg
5,63,0,63_0_0_20170104213054221.jpg.chip.jpg
5,65,0,65_0_0_20170120223704629.jpg.chip.jpg
5,68,0,68_0_0_20170105173736735.jpg.chip.jpg
5,69,0,69_0_0_20170104185333726.jpg.chip.jpg
5,68,0,68_0_0_20170104213635701.jpg.chip.jpg
5,69,0,69_0_0_20170117185705145.jpg.chip.jpg
5,65,0,65_0_3_20170119201141428.jpg.chip.jpg
5,62,0,62_0_1_20170111203832046.jpg.chip.jpg
5,65,0,65_0_1_20170111171747640.jpg.chip.jpg
5,65,0,65_0_2_20161219193311243.jpg.chip.jpg
5,62,0,62_0_0_20170113185402879.jpg.chip.jpg
5,65,1,65_1_0_20170110122605770.jpg.chip.jpg
5,63,1,63_1_0_20170117175354308.jpg.chip.jpg
5,65,1,65_1_0_20170110175818279.jpg.chip.jpg
5,60,1,60_1_2_20170110151419801.jpg.chip.jpg
5,65,1,65_1_3_20170117135236191.jpg.chip.jpg
5,65,1,65_1_0_20170110132446063.jpg.chip.jpg
5,66,1,66_1_0_20170110140921650.jpg.chip.jpg
5,69,1,69_1_0_20170110131708449.jpg.chip.jpg
5,60,1,60_1_0_20170110131848316.jpg.chip.jpg
5,60,1,60_1_3_20170119171437890.jpg.chip.jpg
5,65,1,65_1_0_20170110154347701.jpg.chip.jpg
5,68,1,68_1_0_20170110143529881.jpg.chip.jpg
5,60,1,60_1_1_20170120223635158.jpg.chip.jpg
5,60,1,60_1_3_20170109142555460.jpg.chip.jpg
5,63,1,63_1_0_20170110120814684.jpg.chip.jpg
5,61,1,61_1_0_20170117192059259.jpg.chip.jpg
5,65,1,65_1_3_20170119202621117.jpg.chip.jpg
5,67,1,67_1_0_20170109142541820.jpg.chip.jpg
5,65,1,65_1_0_20170110131312112.jpg.chip.jpg
5,65,1,65_1_4_20170117185548913.jpg.chip.jpg
5,60,1,60_1_0_20170110122430900.jpg.chip.jpg
5,67,1,67_1_0_20170120224807800.jpg.chip.jpg
5,66,1,66_1_0_20170110122210413.jpg.chip.jpg
5,60,1,60_1_0_20170110140637026.jpg.chip.jpg
6,75,0,75_0_0_20170111222532345.jpg.chip.jpg
6,72,0,72_0_2_20170112205305186.jpg.chip.jpg
6,75,0,75_0_0_20170111210552235.jpg.chip.jpg
6,70,0,70_0_0_20170117173727535.jpg.chip.jpg
6,75,0,75_0_0_20170111205932368.jpg.chip.jpg
6,70,0,70_0_0_20170117160051432.jpg.chip.jpg
6,72,0,72_0_2_20170111200724572.jpg.chip.jpg
6,76,0,76_0_0_20170111171747674.jpg.chip.jpg
6,75,0,75_0_0_20170113185416591.jpg.chip.jpg
6,73,0,73_0_0_20170104213655621.jpg.chip.jpg
6,72,0,72_0_0_20170111210054315.jpg.chip.jpg
6,78,0,78_0_0_20170111221952212.jpg.chip.jpg
6,78,0,78_0_0_20170111210105923.jpg.chip.jpg
6,73,0,73_0_3_20170119212042841.jpg.chip.jpg
6,75,0,75_0_2_20170112205315834.jpg.chip.jpg
6,74,0,74_0_0_20170116232642012.jpg.chip.jpg
6,70,0,70_0_0_20170111201407590.jpg.chip.jpg
6,75,0,75_0_2_20170112220538967.jpg.chip.jpg
6,73,0,73_0_0_20170104213702565.jpg.chip.jpg
6,77,0,77_0_0_20170109132051992.jpg.chip.jpg
6,79,0,79_0_2_20170105174927254.jpg.chip.jpg
6,78,0,78_0_2_20170112205619428.jpg.chip.jpg
6,72,0,72_0_0_20170120225636180.jpg.chip.jpg
6,72,1,72_1_1_20170120225033578.jpg.chip.jpg
6,75,1,75_1_0_20170109132033628.jpg.chip.jpg
6,76,1,76_1_1_20170110181603235.jpg.chip.jpg
6,72,1,72_1_0_20170110182012800.jpg.chip.jpg
6,70,1,70_1_0_20170110140931962.jpg.chip.jpg
6,71,1,71_1_3_20170109132543649.jpg.chip.jpg
6,74,1,74_1_0_20170117171813979.jpg.chip.jpg
6,75,1,75_1_0_20170110184033219.jpg.chip.jpg
6,70,1,70_1_0_20170120134300289.jpg.chip.jpg
6,71,1,71_1_2_20170105174339014.jpg.chip.jpg
6,70,1,70_1_0_20170110143426723.jpg.chip.jpg
6,76,1,76_1_0_20170120225951434.jpg.chip.jpg
6,78,1,78_1_1_20170113011857601.jpg.chip.jpg
7,80,0,80_0_0_20170111210128898.jpg.chip.jpg
7,80,0,80_0_0_20170117173059810.jpg.chip.jpg
7,82,0,82_0_0_20170111210604164.jpg.chip.jpg
7,89,0,89_0_1_20170117194330360.jpg.chip.jpg
7,89,0,89_0_2_20170112224513149.jpg.chip.jpg
7,80,0,80_0_2_20170112205309435.jpg.chip.jpg
7,82,0,82_0_0_20170111222357343.jpg.chip.jpg
7,80,0,80_0_0_20170117175522915.jpg.chip.jpg
7,86,0,86_0_0_20170112224722395.jpg.chip.jpg
7,80,0,80_0_0_20170111211457352.jpg.chip.jpg
7,85,1,85_1_0_20170110181543448.jpg.chip.jpg
7,87,1,87_1_0_20170110183746742.jpg.chip.jpg
7,80,1,80_1_0_20170110122439310.jpg.chip.jpg
7,80,1,80_1_0_20170110141320400.jpg.chip.jpg
7,89,1,89_1_3_20170105175701046.jpg.chip.jpg
7,85,1,85_1_0_20170120140054880.jpg.chip.jpg
7,85,1,85_1_0_20170110183546496.jpg.chip.jpg
7,89,1,89_1_0_20170120223754333.jpg.chip.jpg
7,88,1,88_1_2_20170112003903252.jpg.chip.jpg
7,80,1,80_1_2_20170119211723865.jpg.chip.jpg
7,84,1,84_1_0_20170120230246475.jpg.chip.jpg
7,83,1,83_1_0_20170120225627516.jpg.chip.jpg
7,87,1,87_1_0_20170120224714735.jpg.chip.jpg
7,86,1,86_1_2_20170112224133563.jpg.chip.jpg
7,88,1,88_1_3_20170110182157752.jpg.chip.jpg
8,99,0,99_0_0_20170117195137161.jpg.chip.jpg
8,90,0,90_0_2_20170111210740854.jpg.chip.jpg
8,90,0,90_0_0_20170111210057456.jpg.chip.jpg
8,99,1,99_1_0_20170110182052119.jpg.chip.jpg
8,90,1,90_1_0_20170110143355280.jpg.chip.jpg
8,100,1,100_1_2_20170105174847679.jpg.chip.jpg
8,90,1,90_1_1_20170117195305990.jpg.chip.jpg
8,96,1,96_1_0_20170110182515404.jpg.chip.jpg
8,90,1,90_1_0_20170111211648525.jpg.chip.jpg
5,61,1,61_1_0_20170117174758733.jpg.chip.jpg